date, pm25, pm10, o3, no2, so2, co
2024/11/1, 25, 24, , , , 
2024/11/2, 23, 20, , , , 
2024/11/3, 26, 10, , , , 
2024/11/4, 24, , , , , 
2024/10/1, 23, 31, , , , 
2024/10/2, 30, 33, , , , 
2024/10/3, 44, 31, , , , 
2024/10/4, 41, 28, , , , 
2024/10/5, 43, 27, , , , 
2024/10/6, 38, 19, , , , 
2024/10/7, 31, 16, , , , 
2024/10/8, 24, 20, , , , 
2024/10/9, 29, 13, , , , 
2024/10/10, 23, 20, , , , 
2024/10/11, 22, 26, , , , 
2024/10/12, 37, 28, , , , 
2024/10/13, 39, 32, , , , 
2024/10/14, 36, 24, , , , 
2024/10/15, 42, 23, , , , 
2024/10/16, 43, 40, , , , 
2024/10/17, 45, 34, , , , 
2024/10/18, 49, 14, , , , 
2024/10/19, 31, 8, , , , 
2024/10/20, 17, 23, , , , 
2024/10/21, 28, 24, , , , 
2024/10/22, 37, 19, , , , 
2024/10/23, 33, 29, , , , 
2024/10/24, 31, 43, , , , 
2024/10/25, 30, 48, , , , 
2024/10/26, 55, 39, , , , 
2024/10/27, 56, 25, , , , 
2024/10/28, 44, 12, , , , 
2024/10/29, 21, 22, , , , 
2024/10/30, 31, 16, , , , 
2024/10/31, 38, 15, , , , 
2024/7/1, 80, 40, , , , 
2024/7/2, 66, 36, , , , 
2024/7/3, 56, 29, , , , 
2024/7/4, 55, 40, , , , 
2024/7/5, 83, 30, , , , 
2024/7/6, 67, 33, , , , 
2024/7/7, 81, 38, , , , 
2024/7/8, 86, 28, , , , 
2024/7/9, 69, 22, , , , 
2024/7/10, 46, 28, , , , 
2024/7/11, 66, 36, , , , 
2024/7/12, 82, 45, , , , 
2024/7/13, 109, 39, , , , 
2024/7/14, 103, 40, , , , 
2024/7/15, 107, 53, , , , 
2024/7/16, 124, 45, , , , 
2024/7/17, 95, 39, , , , 
2024/7/18, 85, 34, , , , 
2024/7/19, 75, 35, , , , 
2024/7/20, 75, 21, , , , 
2024/7/21, 56, 24, , , , 
2024/7/22, 57, 20, , , , 
2024/7/23, 41, 32, , , , 
2024/7/24, 61, 32, , , , 
2024/7/25, 60, 22, , , , 
2024/7/26, 61, 32, , , , 
2024/7/27, 76, 33, , , , 
2024/7/28, 77, 39, , , , 
2024/7/29, 78, 38, , , , 
2024/7/30, 72, 17, , , , 
2024/7/31, 32, 37, , , , 
2024/8/1, 38, 14, , , , 
2024/8/2, 20, 23, , , , 
2024/8/3, 34, 18, , , , 
2024/8/4, 44, 13, , , , 
2024/8/5, 42, 10, , , , 
2024/8/6, 29, 13, , , , 
2024/8/7, 33, 18, , , , 
2024/8/8, 51, 35, , , , 
2024/8/9, 70, 25, , , , 
2024/8/10, 58, 25, , , , 
2024/8/11, 55, 35, , , , 
2024/8/12, 62, 22, , , , 
2024/8/13, 47, 21, , , , 
2024/8/14, 46, 26, , , , 
2024/8/15, 70, 21, , , , 
2024/8/16, 50, 22, , , , 
2024/8/17, 60, 17, , , , 
2024/8/18, 48, 14, , , , 
2024/8/19, 33, 11, , , , 
2024/8/20, 25, 15, , , , 
2024/8/21, 35, 14, , , , 
2024/8/22, 34, 8, , , , 
2024/8/23, 26, 20, , , , 
2024/8/24, 46, 18, , , , 
2024/8/25, 51, 14, , , , 
2024/8/26, 39, 20, , , , 
2024/8/27, 38, 18, , , , 
2024/8/28, 39, 11, , , , 
2024/8/29, 28, 14, , , , 
2024/8/30, 30, 20, , , , 
2024/8/31, 47, 23, , , , 
2024/9/1, 60, 17, , , , 
2024/9/2, 36, 17, , , , 
2024/9/3, 32, 23, , , , 
2024/9/4, 43, 31, , , , 
2024/9/5, 50, 22, , , , 
2024/9/6, 47, 13, , , , 
2024/9/7, 27, 19, , , , 
2024/9/8, 48, 24, , , , 
2024/9/9, 81, 19, , , , 
2024/9/10, 29, 21, , , , 
2024/9/11, 36, 18, , , , 
2024/9/12, 43, 22, , , , 
2024/9/13, 33, 31, , , , 
2024/9/14, 56, 29, , , , 
2024/9/15, 54, 31, , , , 
2024/9/16, 52, 27, , , , 
2024/9/17, 51, 19, , , , 
2024/9/18, 51, 16, , , , 
2024/9/19, 30, 17, , , , 
2024/9/20, 40, 9, , , , 
2024/9/21, 27, 14, , , , 
2024/9/22, 35, 15, , , , 
2024/9/23, 27, 22, , , , 
2024/9/24, 28, 27, , , , 
2024/9/25, 30, 32, , , , 
2024/9/26, 50, 12, , , , 
2024/9/27, 49, 2, , , , 
2024/9/28, 41, 2, , , , 
2024/9/29, 35, 15, , , , 
2024/9/30, 28, 37, , , , 
2024/4/1, 47, 31, , , , 
2024/4/2, 41, 32, , , , 
2024/4/3, 28, 35, , , , 
2024/4/4, 45, 34, , , , 
2024/4/5, 45, 24, , , , 
2024/4/6, 34, 39, , , , 
2024/4/7, 56, 39, , , , 
2024/4/8, 49, 27, , , , 
2024/4/9, 43, 23, , , , 
2024/4/10, 50, 26, , , , 
2024/4/11, 48, 31, , , , 
2024/4/12, 40, 29, , , , 
2024/4/13, 41, 22, , , , 
2024/4/14, 34, 28, , , , 
2024/4/15, 39, 28, , , , 
2024/4/16, 42, 39, , , , 
2024/4/17, 49, 45, , , , 
2024/4/18, 60, 26, , , , 
2024/4/19, 41, 39, , , , 
2024/4/20, 55, 30, , , , 
2024/4/21, 44, 14, , , , 
2024/4/22, 15, 20, , , , 
2024/4/23, 35, 25, , , , 
2024/4/24, 50, 21, , , , 
2024/4/25, 37, 17, , , , 
2024/4/26, 25, 16, , , , 
2024/4/27, 29, 21, , , , 
2024/4/28, 44, 16, , , , 
2024/4/29, 29, 12, , , , 
2024/4/30, 18, 10, , , , 
2024/5/1, 21, 16, , , , 
2024/5/2, 37, 19, , , , 
2024/5/3, 48, 22, , , , 
2024/5/4, 50, 17, , , , 
2024/5/5, 39, 18, , , , 
2024/5/6, 30, 11, , , , 
2024/5/7, 32, 12, , , , 
2024/5/8, 35, 24, , , , 
2024/5/9, 60, 22, , , , 
2024/5/10, 51, 22, , , , 
2024/5/11, 58, 15, , , , 
2024/5/12, 47, 21, , , , 
2024/5/13, 58, 27, , , , 
2024/5/14, 71, 31, , , , 
2024/5/15, 75, 20, , , , 
2024/5/16, 50, 21, , , , 
2024/5/17, 50, 25, , , , 
2024/5/18, 72, 39, , , , 
2024/5/19, 103, 34, , , , 
2024/5/20, 88, 9, , , , 
2024/5/21, 31, 17, , , , 
2024/5/22, 45, 8, , , , 
2024/5/23, 21, 27, , , , 
2024/5/24, 53, 29, , , , 
2024/5/25, 60, 18, , , , 
2024/5/26, 50, 30, , , , 
2024/5/27, 56, 24, , , , 
2024/5/28, 55, 31, , , , 
2024/5/29, 71, 44, , , , 
2024/5/30, 84, 29, , , , 
2024/5/31, 64, 34, , , , 
2024/6/1, 84, 27, , , , 
2024/6/2, 72, 24, , , , 
2024/6/3, 57, 34, , , , 
2024/6/4, 84, 32, , , , 
2024/6/5, 67, 71, , , , 
2024/6/6, 120, 37, , , , 
2024/6/7, 80, 19, , , , 
2024/6/8, 38, 113, , , , 
2024/6/9, 29, 160, , , , 
2024/6/10, 38, 23, , , , 
2024/6/11, 43, , , , , 
2024/6/12, 30, , , , , 
2024/6/13, 23, , , , , 
2024/6/14, 26, , , , , 
2024/6/15, 50, , , , , 
2024/6/16, 52, , , , , 
2024/6/17, 54, , , , , 
2024/6/18, 15, , , , , 
2024/6/19, 28, , , , , 
2024/6/20, 26, , , , , 
2024/6/21, 20, , , , , 
2024/6/22, 19, , , , , 
2024/6/23, 19, 21, , , , 
2024/6/24, 30, 15, , , , 
2024/6/25, 39, 27, , , , 
2024/6/26, 63, , , , , 
2024/6/27, 59, 32, , , , 
2024/6/28, 40, 41, , , , 
2024/6/29, 90, 50, , , , 
2024/6/30, 97, 48, , , , 
2024/1/1, 39, 24, , , , 
2024/1/2, 43, 22, , , , 
2024/1/3, 34, 19, , , , 
2024/1/4, 30, 16, , , , 
2024/1/5, 27, 15, , , , 
2024/1/6, 30, 19, , , , 
2024/1/7, 20, 23, , , , 
2024/1/8, 23, 28, , , , 
2024/1/9, 32, 26, , , , 
2024/1/10, 32, 30, , , , 
2024/1/11, 34, 29, , , , 
2024/1/12, 39, 26, , , , 
2024/1/13, 38, 27, , , , 
2024/1/14, 36, 32, , , , 
2024/1/15, 40, 26, , , , 
2024/1/16, 24, 31, , , , 
2024/1/17, 34, 24, , , , 
2024/1/18, 25, 40, , , , 
2024/1/19, 51, 41, , , , 
2024/1/20, 51, 32, , , , 
2024/1/21, 50, 24, , , , 
2024/1/22, 41, 17, , , , 
2024/1/23, 28, 20, , , , 
2024/1/24, 35, 12, , , , 
2024/1/25, 33, 13, , , , 
2024/1/26, 24, 15, , , , 
2024/1/27, 22, 14, , , , 
2024/1/28, 32, 20, , , , 
2024/1/29, 39, 26, , , , 
2024/1/30, 50, 31, , , , 
2024/1/31, 50, 30, , , , 
2024/2/1, 52, 51, , , , 
2024/2/2, 48, 118, , , , 
2024/2/3, 185, 33, , , , 
2024/2/4, 53, 46, , , , 
2024/2/5, 99, 22, , , , 
2024/2/6, 40, 23, , , , 
2024/2/7, 46, 26, , , , 
2024/2/8, 40, 33, , , , 
2024/2/9, 51, 32, , , , 
2024/2/10, 44, 18, , , , 
2024/2/11, 23, 32, , , , 
2024/2/12, 47, 35, , , , 
2024/2/13, 46, 19, , , , 
2024/2/14, 33, 18, , , , 
2024/2/15, 27, 16, , , , 
2024/2/16, 23, 30, , , , 
2024/2/17, 38, 41, , , , 
2024/2/18, 53, 30, , , , 
2024/2/19, 46, 18, , , , 
2024/2/20, 29, 16, , , , 
2024/2/21, 27, 10, , , , 
2024/2/22, 16, 19, , , , 
2024/2/23, 24, 30, , , , 
2024/2/24, 34, 27, , , , 
2024/2/25, 43, 31, , , , 
2024/2/26, 43, 29, , , , 
2024/2/27, 34, 27, , , , 
2024/2/28, 33, 30, , , , 
2024/2/29, 41, 35, , , , 
2024/3/1, 45, 36, , , , 
2024/3/2, 45, 36, , , , 
2024/3/3, 36, 41, , , , 
2024/3/4, 46, 33, , , , 
2024/3/5, 47, 28, , , , 
2024/3/6, 47, 26, , , , 
2024/3/7, 38, 24, , , , 
2024/3/8, 22, 25, , , , 
2024/3/9, 26, 24, , , , 
2024/3/10, 37, 21, , , , 
2024/3/11, 26, 19, , , , 
2024/3/12, 20, 28, , , , 
2024/3/13, 28, 33, , , , 
2024/3/14, 35, 36, , , , 
2024/3/15, 45, 33, , , , 
2024/3/16, 44, 34, , , , 
2024/3/17, 52, 39, , , , 
2024/3/18, 58, 30, , , , 
2024/3/19, 44, 19, , , , 
2024/3/20, 29, 40, , , , 
2024/3/21, 39, 44, , , , 
2024/3/22, 45, 44, , , , 
2024/3/23, 38, 34, , , , 
2024/3/24, 34, 38, , , , 
2024/3/25, 34, 34, , , , 
2024/3/26, 42, 32, , , , 
2024/3/27, 57, 19, , , , 
2024/3/28, 46, 18, , , , 
2024/3/29, 59, 31, , , , 
2024/3/30, 67, 36, , , , 
2024/3/31, 45, 35, , , , 
2023/10/1, 34, 25, , , , 
2023/10/2, 33, 21, , , , 
2023/10/3, 26, 23, , , , 
2023/10/4, 34, 26, , , , 
2023/10/5, 40, 21, , , , 
2023/10/6, 24, 27, , , , 
2023/10/7, 29, 31, , , , 
2023/10/8, 39, 29, , , , 
2023/10/9, 40, 25, , , , 
2023/10/10, 26, 28, , , , 
2023/10/11, 32, 41, , , , 
2023/10/12, 42, 40, , , , 
2023/10/13, 45, 28, , , , 
2023/10/14, 44, 24, , , , 
2023/10/15, 37, 29, , , , 
2023/10/16, 32, 28, , , , 
2023/10/17, 34, 27, , , , 
2023/10/18, 41, 29, , , , 
2023/10/19, 41, 26, , , , 
2023/10/20, 48, 17, , , , 
2023/10/21, 29, 21, , , , 
2023/10/22, 39, 20, , , , 
2023/10/23, 27, 25, , , , 
2023/10/24, 34, 30, , , , 
2023/10/25, 45, 26, , , , 
2023/10/26, 43, 22, , , , 
2023/10/27, 32, 20, , , , 
2023/10/28, 31, 15, , , , 
2023/10/29, 18, 18, , , , 
2023/10/30, 20, 22, , , , 
2023/10/31, 28, 16, , , , 
2023/11/1, 21, 18, , , , 
2023/11/2, 27, 35, , , , 
2023/11/3, 36, 32, , , , 
2023/11/4, 48, 20, , , , 
2023/11/5, 32, 14, , , , 
2023/11/6, 25, 28, , , , 
2023/11/7, 30, 33, , , , 
2023/11/8, 44, 44, , , , 
2023/11/9, 49, 17, , , , 
2023/11/10, 30, 11, , , , 
2023/11/11, 20, 12, , , , 
2023/11/12, 22, 25, , , , 
2023/11/13, 34, 24, , , , 
2023/11/14, 37, 20, , , , 
2023/11/15, 31, 19, , , , 
2023/11/16, 26, 13, , , , 
2023/11/17, 25, 19, , , , 
2023/11/18, 37, 23, , , , 
2023/11/19, 35, 16, , , , 
2023/11/20, 24, 17, , , , 
2023/11/21, 22, 26, , , , 
2023/11/22, 33, 31, , , , 
2023/11/23, 40, 28, , , , 
2023/11/24, 44, 19, , , , 
2023/11/25, 39, 12, , , , 
2023/11/26, 36, 10, , , , 
2023/11/27, 23, 12, , , , 
2023/11/28, 21, 27, , , , 
2023/11/29, 32, 27, , , , 
2023/11/30, 38, 14, , , , 
2023/12/1, 17, 20, , , , 
2023/12/2, 24, 32, , , , 
2023/12/3, 44, 32, , , , 
2023/12/4, 45, 25, , , , 
2023/12/5, 47, 22, , , , 
2023/12/6, 34, 25, , , , 
2023/12/7, 53, 19, , , , 
2023/12/8, 30, 37, , , , 
2023/12/9, 40, 47, , , , 
2023/12/10, 58, 26, , , , 
2023/12/11, 39, 25, , , , 
2023/12/12, 20, 33, , , , 
2023/12/13, 44, 32, , , , 
2023/12/14, 44, 16, , , , 
2023/12/15, 29, 12, , , , 
2023/12/16, 21, 18, , , , 
2023/12/17, 25, 25, , , , 
2023/12/18, 33, 30, , , , 
2023/12/19, 41, 27, , , , 
2023/12/20, 38, 23, , , , 
2023/12/21, 36, 26, , , , 
2023/12/22, 49, 28, , , , 
2023/12/23, 48, 17, , , , 
2023/12/24, 36, 21, , , , 
2023/12/25, 44, 20, , , , 
2023/12/26, 38, 17, , , , 
2023/12/27, 32, 11, , , , 
2023/12/28, 26, 14, , , , 
2023/12/29, 28, 12, , , , 
2023/12/30, 25, 16, , , , 
2023/12/31, 22, 22, , , , 
2023/7/1, 56, 23, , , , 
2023/7/2, 32, 33, , , , 
2023/7/3, 53, 30, , , , 
2023/7/4, 51, 32, , , , 
2023/7/5, 50, 26, , , , 
2023/7/6, 60, 24, , , , 
2023/7/7, 36, 20, , , , 
2023/7/8, 45, 18, , , , 
2023/7/9, 33, 25, , , , 
2023/7/10, 45, 13, , , , 
2023/7/11, 28, 16, , , , 
2023/7/12, 26, 25, , , , 
2023/7/13, 47, 31, , , , 
2023/7/14, 58, 38, , , , 
2023/7/15, 74, 38, , , , 
2023/7/16, 77, 44, , , , 
2023/7/17, 81, 47, , , , 
2023/7/18, 83, 40, , , , 
2023/7/19, 65, 24, , , , 
2023/7/20, 51, 15, , , , 
2023/7/21, 27, 16, , , , 
2023/7/22, 17, 17, , , , 
2023/7/23, 31, 62, , , , 
2023/7/24, 41, 19, , , , 
2023/7/25, 42, 26, , , , 
2023/7/26, 47, 31, , , , 
2023/7/27, 56, 46, , , , 
2023/7/28, 79, 45, , , , 
2023/7/29, 84, 27, , , , 
2023/7/30, 65, 20, , , , 
2023/7/31, 57, 22, , , , 
2023/8/1, 40, 44, , , , 
2023/8/2, 65, 35, , , , 
2023/8/3, 60, 25, , , , 
2023/8/4, 61, 16, , , , 
2023/8/5, 42, 11, , , , 
2023/8/6, 30, 22, , , , 
2023/8/7, 42, 35, , , , 
2023/8/8, 71, 34, , , , 
2023/8/9, 76, 13, , , , 
2023/8/10, 71, 16, , , , 
2023/8/11, 62, 27, , , , 
2023/8/12, 76, 27, , , , 
2023/8/13, 85, 23, , , , 
2023/8/14, 101, 17, , , , 
2023/8/15, 88, 17, , , , 
2023/8/16, 48, , , , , 
2023/8/17, 20, , , , , 
2023/8/20, 19, 19, , , , 
2023/8/21, 18, 17, , , , 
2023/8/22, 9, 9, , , , 
2023/8/23, 11, 12, , , , 
2023/8/24, 9, 13, , , , 
2023/8/25, 16, 18, , , , 
2023/8/26, 33, 18, , , , 
2023/8/27, 34, 21, , , , 
2023/8/28, 31, 17, , , , 
2023/8/29, 29, 20, , , , 
2023/8/30, 13, 26, , , , 
2023/8/31, 30, 34, , , , 
2023/9/1, 44, 29, , , , 
2023/9/2, 36, 16, , , , 
2023/9/3, 27, 22, , , , 
2023/9/4, 69, 18, , , , 
2023/9/5, 24, 12, , , , 
2023/9/6, 23, 18, , , , 
2023/9/7, 12, 24, , , , 
2023/9/8, 22, 24, , , , 
2023/9/9, 29, 24, , , , 
2023/9/10, 25, 18, , , , 
2023/9/11, 11, 19, , , , 
2023/9/12, 18, 23, , , , 
2023/9/13, 22, 24, , , , 
2023/9/14, 23, 32, , , , 
2023/9/15, 32, 21, , , , 
2023/9/16, 26, 17, , , , 
2023/9/17, 15, 22, , , , 
2023/9/18, 24, 26, , , , 
2023/9/19, 39, 21, , , , 
2023/9/20, 23, 16, , , , 
2023/9/21, 14, 20, , , , 
2023/9/22, 19, 13, , , , 
2023/9/23, 10, 14, , , , 
2023/9/24, 18, 14, , , , 
2023/9/25, 14, 30, , , , 
2023/9/26, 9, 35, , , , 
2023/9/27, 18, 23, , , , 
2023/9/28, 17, 31, , , , 
2023/9/29, 22, 27, , , , 
2023/9/30, 35, 16, , , , 
2023/4/1, 59, 38, , , , 
2023/4/2, 56, 45, , , , 
2023/4/3, 64, 37, , , , 
2023/4/4, 50, 38, , , , 
2023/4/5, 45, 36, , , , 
2023/4/6, 25, 30, , , , 
2023/4/7, 42, 38, , , , 
2023/4/8, 59, 28, , , , 
2023/4/9, 59, 31, , , , 
2023/4/10, 54, 25, , , , 
2023/4/11, 45, 17, , , , 
2023/4/12, 35, 20, , , , 
2023/4/13, 17, 20, , , , 
2023/4/14, 31, 30, , , , 
2023/4/15, 45, 24, , , , 
2023/4/16, 36, 35, , , , 
2023/4/17, 42, 41, , , , 
2023/4/18, 40, 52, , , , 
2023/4/19, 68, 28, , , , 
2023/4/20, 43, 26, , , , 
2023/4/21, 30, 21, , , , 
2023/4/22, 41, 24, , , , 
2023/4/23, 46, 24, , , , 
2023/4/24, 44, 25, , , , 
2023/4/25, 47, 44, , , , 
2023/4/26, 75, 41, , , , 
2023/4/27, 68, 24, , , , 
2023/4/28, 24, 14, , , , 
2023/4/29, 26, 13, , , , 
2023/4/30, 18, 13, , , , 
2023/5/1, 25, 23, , , , 
2023/5/2, 40, 24, , , , 
2023/5/3, 45, 32, , , , 
2023/5/4, 61, 37, , , , 
2023/5/5, 65, 40, , , , 
2023/5/6, 77, 43, , , , 
2023/5/7, 79, 54, , , , 
2023/5/8, 103, 53, , , , 
2023/5/9, 96, 55, , , , 
2023/5/10, 97, 50, , , , 
2023/5/11, 92, 46, , , , 
2023/5/12, 66, 49, , , , 
2023/5/13, 72, 31, , , , 
2023/5/14, 65, 20, , , , 
2023/5/15, 35, 23, , , , 
2023/5/16, 49, 19, , , , 
2023/5/17, 32, 29, , , , 
2023/5/18, 43, 34, , , , 
2023/5/19, 62, 41, , , , 
2023/5/20, 75, 32, , , , 
2023/5/21, 55, 19, , , , 
2023/5/22, 26, 37, , , , 
2023/5/23, 45, 33, , , , 
2023/5/24, 42, 38, , , , 
2023/5/25, 46, 21, , , , 
2023/5/26, 32, 27, , , , 
2023/5/27, 50, 29, , , , 
2023/5/28, 50, 38, , , , 
2023/5/29, 62, 36, , , , 
2023/5/30, 75, 48, , , , 
2023/5/31, 77, 37, , , , 
2023/6/1, 65, 20, , , , 
2023/6/2, 52, 22, , , , 
2023/6/3, 37, 32, , , , 
2023/6/4, 50, 36, , , , 
2023/6/5, 53, 47, , , , 
2023/6/6, 72, 42, , , , 
2023/6/7, 71, 28, , , , 
2023/6/8, 41, 10, , , , 
2023/6/9, 18, 12, , , , 
2023/6/10, 20, 16, , , , 
2023/6/11, 43, 33, , , , 
2023/6/12, 68, 39, , , , 
2023/6/13, 77, 54, , , , 
2023/6/14, 108, 45, , , , 
2023/6/15, 101, 48, , , , 
2023/6/16, 84, 39, , , , 
2023/6/17, 84, 43, , , , 
2023/6/18, 72, 24, , , , 
2023/6/19, 46, 23, , , , 
2023/6/20, 43, 32, , , , 
2023/6/21, 51, 16, , , , 
2023/6/22, 43, 14, , , , 
2023/6/23, 28, 17, , , , 
2023/6/24, 42, 27, , , , 
2023/6/25, 42, 32, , , , 
2023/6/26, 39, 24, , , , 
2023/6/27, 25, 33, , , , 
2023/6/28, 50, 44, , , , 
2023/6/29, 66, 32, , , , 
2023/6/30, 59, 30, , , , 
2023/1/2, 44, 34, , , , 
2023/1/3, 43, 35, , , , 
2023/1/4, 47, 25, , , , 
2023/1/5, 33, 27, , , , 
2023/1/6, 47, , , , , 
2023/1/9, 5, 17, , , , 
2023/1/10, 31, 32, , , , 
2023/1/11, 39, 35, , , , 
2023/1/12, 43, 34, , , , 
2023/1/13, 46, 26, , , , 
2023/1/14, 38, 25, , , , 
2023/1/15, 43, 27, , , , 
2023/1/16, 51, 24, , , , 
2023/1/17, 44, 23, , , , 
2023/1/18, 36, 20, , , , 
2023/1/19, 43, 28, , , , 
2023/1/20, 35, 29, , , , 
2023/1/21, 40, 22, , , , 
2023/1/22, 34, 27, , , , 
2023/1/23, 44, 32, , , , 
2023/1/24, 32, 34, , , , 
2023/1/25, 40, 63, , , , 
2023/1/26, 37, 31, , , , 
2023/1/27, 35, 37, , , , 
2023/1/28, 43, 29, , , , 
2023/1/29, 42, 13, , , , 
2023/1/30, 23, 61, , , , 
2023/1/31, 41, 39, , , , 
2023/2/1, 54, 47, , , , 
2023/2/2, 59, 39, , , , 
2023/2/3, 51, 32, , , , 
2023/2/4, 47, 37, , , , 
2023/2/5, 52, 50, , , , 
2023/2/6, 91, 58, , , , 
2023/2/7, 125, 47, , , , 
2023/2/8, 88, 59, , , , 
2023/2/9, 125, 53, , , , 
2023/2/10, 107, 49, , , , 
2023/2/11, 73, 38, , , , 
2023/2/12, 69, 29, , , , 
2023/2/13, 29, 42, , , , 
2023/2/14, 43, 46, , , , 
2023/2/15, 54, 34, , , , 
2023/2/16, 40, 39, , , , 
2023/2/17, 52, 38, , , , 
2023/2/18, 54, 34, , , , 
2023/2/19, 54, 40, , , , 
2023/2/20, 62, 46, , , , 
2023/2/21, 67, 38, , , , 
2023/2/22, 55, 35, , , , 
2023/2/23, 57, 32, , , , 
2023/2/24, 60, 27, , , , 
2023/2/25, 38, 41, , , , 
2023/2/26, 48, 45, , , , 
2023/2/27, 60, 42, , , , 
2023/2/28, 56, 40, , , , 
2023/3/1, 49, 31, , , , 
2023/3/2, 45, 28, , , , 
2023/3/3, 40, 32, , , , 
2023/3/4, 49, 37, , , , 
2023/3/5, 50, 26, , , , 
2023/3/6, 41, 17, , , , 
2023/3/7, 35, 19, , , , 
2023/3/8, 29, 19, , , , 
2023/3/9, 26, 21, , , , 
2023/3/10, 35, 19, , , , 
2023/3/11, 38, 17, , , , 
2023/3/12, 25, 20, , , , 
2023/3/13, 24, 26, , , , 
2023/3/14, 42, 28, , , , 
2023/3/15, 30, 52, , , , 
2023/3/16, 29, 19, , , , 
2023/3/17, 23, 20, , , , 
2023/3/18, 24, 30, , , , 
2023/3/19, 48, 30, , , , 
2023/3/20, 39, 31, , , , 
2023/3/21, 38, 39, , , , 
2023/3/22, 55, 44, , , , 
2023/3/23, 67, 46, , , , 
2023/3/24, 67, 46, , , , 
2023/3/25, 69, 40, , , , 
2023/3/26, 50, 40, , , , 
2023/3/27, 50, 29, , , , 
2023/3/28, 48, 29, , , , 
2023/3/29, 23, 43, , , , 
2023/3/30, 41, 44, , , , 
2023/3/31, 55, 41, , , , 
2022/10/1, 43, 17, , , , 
2022/10/2, 42, 9, , , , 
2022/10/3, 19, 13, , , , 
2022/10/4, 27, 15, , , , 
2022/10/5, 31, 15, , , , 
2022/10/6, 26, 20, , , , 
2022/10/7, 55, 15, , , , 
2022/10/8, 31, 21, , , , 
2022/10/9, 46, 24, , , , 
2022/10/10, 47, 20, , , , 
2022/10/11, 39, 23, , , , 
2022/10/12, 42, 24, , , , 
2022/10/13, 48, 32, , , , 
2022/10/14, 50, 27, , , , 
2022/10/15, 62, 19, , , , 
2022/10/16, 47, 11, , , , 
2022/10/17, 18, 11, , , , 
2022/10/18, 15, 13, , , , 
2022/10/19, 22, 26, , , , 
2022/10/20, 39, 25, , , , 
2022/10/21, 53, 21, , , , 
2022/10/22, 55, 15, , , , 
2022/10/23, 39, 14, , , , 
2022/10/24, 25, 15, , , , 
2022/10/25, 37, 16, , , , 
2022/10/26, 28, 20, , , , 
2022/10/27, 43, 17, , , , 
2022/10/28, 36, 15, , , , 
2022/10/29, 49, 25, , , , 
2022/10/30, 34, 30, , , , 
2022/10/31, 43, 30, , , , 
2022/11/1, 51, 25, , , , 
2022/11/2, 45, 23, , , , 
2022/11/3, 46, 21, , , , 
2022/11/4, 41, 19, , , , 
2022/11/5, 36, 16, , , , 
2022/11/6, 35, 18, , , , 
2022/11/7, 38, 12, , , , 
2022/11/8, 28, 15, , , , 
2022/11/9, 25, 13, , , , 
2022/11/10, 25, 9, , , , 
2022/11/11, 17, 12, , , , 
2022/11/12, 27, 11, , , , 
2022/11/13, 43, 18, , , , 
2022/11/14, 41, 23, , , , 
2022/11/15, 54, 19, , , , 
2022/11/16, 52, 18, , , , 
2022/11/17, 50, 20, , , , 
2022/11/18, 59, 20, , , , 
2022/11/19, 82, 23, , , , 
2022/11/20, 47, 31, , , , 
2022/11/21, 55, 32, , , , 
2022/11/22, 64, 19, , , , 
2022/11/23, 44, 19, , , , 
2022/11/24, 40, 20, , , , 
2022/11/25, 37, 20, , , , 
2022/11/26, 34, 20, , , , 
2022/11/27, 30, 26, , , , 
2022/11/28, 45, 17, , , , 
2022/11/29, 30, 25, , , , 
2022/11/30, 48, 36, , , , 
2022/12/1, 37, 42, , , , 
2022/12/2, 56, 34, , , , 
2022/12/3, 58, 33, , , , 
2022/12/4, 61, 41, , , , 
2022/12/5, 56, 41, , , , 
2022/12/6, 57, 33, , , , 
2022/12/7, 21, 25, , , , 
2022/12/8, 22, 26, , , , 
2022/12/9, 24, , , , , 
2022/12/10, 32, , , , , 
2022/12/11, 62, 51, , , , 
2022/12/12, 56, 34, , , , 
2022/12/13, 154, 22, , , , 
2022/12/14, 68, 46, , , , 
2022/12/15, 101, 41, 13, 1, , 8
2022/12/16, 43, 26, 13, 1, , 8
2022/12/17, 38, 21, 14, 1, , 8
2022/12/18, 36, 27, 12, 2, , 7
2022/12/19, 36, 25, 12, 8, , 4
2022/12/20, 26, 27, 4, 6, , 4
2022/12/21, 24, 41, 3, 10, , 4
2022/12/22, 52, 36, , , , 
2022/12/23, 45, 42, , , , 
2022/12/24, 54, 35, 6, 3, , 3
2022/12/25, 43, 24, 6, 4, , 4
2022/12/26, 38, 35, 7, 5, , 5
2022/12/27, 48, 43, 7, 5, , 5
2022/12/28, 58, 43, 6, 6, , 4
2022/12/29, 54, 40, 7, 6, , 4
2022/12/30, 51, 28, 4, 4, , 4
2022/12/31, 43, 27, , , , 
2023/1/1, 47, 23, , , , 
2022/7/1, 27, 14, , , , 
2022/7/2, 35, 34, , , , 
2022/7/3, 63, 31, , , , 
2022/7/4, 62, 26, , , , 
2022/7/5, 42, 26, , , , 
2022/7/6, 54, 32, , , , 
2022/7/7, 51, 32, , , , 
2022/7/8, 57, 31, , , , 
2022/7/9, 35, 10, , , , 
2022/7/10, 31, 17, , , , 
2022/7/11, 37, 24, , , , 
2022/7/12, 38, 30, , , , 
2022/7/13, 48, 18, , , , 
2022/7/14, 20, 11, , , , 
2022/7/15, 19, 15, , , , 
2022/7/16, 34, 22, , , , 
2022/7/17, 43, 36, , , , 
2022/7/18, 65, 49, , , , 
2022/7/19, 74, 45, , , , 
2022/7/20, 72, 43, , , , 
2022/7/21, 68, 52, , , , 
2022/7/22, 85, 21, , , , 
2022/7/23, 54, 22, , , , 
2022/7/24, 49, 21, , , , 
2022/7/25, 32, 25, , , , 
2022/7/26, 37, 23, , , , 
2022/7/27, 31, 20, , , , 
2022/7/28, 27, 32, , , , 
2022/7/29, 56, 27, , , , 
2022/7/30, 49, 27, , , , 
2022/7/31, 49, 31, , , , 
2022/8/1, 56, 38, , , , 
2022/8/2, 65, 29, , , , 
2022/8/3, 59, 30, , , , 
2022/8/4, 50, 29, , , , 
2022/8/5, 59, 25, , , , 
2022/8/6, 55, 7, , , , 
2022/8/7, 22, 16, , , , 
2022/8/8, 25, 32, , , , 
2022/8/9, 54, 35, , , , 
2022/8/10, 65, 30, , , , 
2022/8/11, 58, 24, , , , 
2022/8/12, 51, 25, , , , 
2022/8/13, 41, 22, , , , 
2022/8/14, 36, 13, , , , 
2022/8/15, 28, 16, , , , 
2022/8/16, 25, 11, , , , 
2022/8/17, 34, 15, , , , 
2022/8/18, 31, 26, , , , 
2022/8/19, 60, 31, , , , 
2022/8/20, 78, 26, , , , 
2022/8/21, 74, 17, , , , 
2022/8/22, 50, 21, , , , 
2022/8/23, 53, 31, , , , 
2022/8/24, 74, 33, , , , 
2022/8/25, 76, 33, , , , 
2022/8/26, 74, 27, , , , 
2022/8/27, 62, 28, , , , 
2022/8/28, 70, 22, , , , 
2022/8/29, 59, 13, , , , 
2022/8/30, 31, 21, , , , 
2022/8/31, 49, 20, , , , 
2022/9/1, 39, 28, , , , 
2022/9/2, 69, 37, , , , 
2022/9/3, 81, 31, , , , 
2022/9/4, 81, 23, , , , 
2022/9/5, 72, 15, , , , 
2022/9/6, 43, 11, , , , 
2022/9/7, 26, 10, , , , 
2022/9/8, 24, 16, , , , 
2022/9/9, 34, 20, , , , 
2022/9/10, 52, 16, , , , 
2022/9/11, 39, 14, , , , 
2022/9/12, 33, 15, , , , 
2022/9/13, 32, 24, , , , 
2022/9/14, 44, 30, , , , 
2022/9/15, 79, 13, , , , 
2022/9/16, 37, 16, , , , 
2022/9/17, 40, 8, , , , 
2022/9/18, 19, 12, , , , 
2022/9/19, 23, 15, , , , 
2022/9/20, 24, 19, , , , 
2022/9/21, 16, 21, , , , 
2022/9/22, 33, 23, , , , 
2022/9/23, 54, 14, , , , 
2022/9/24, 23, 11, , , , 
2022/9/25, 25, 15, , , , 
2022/9/26, 32, 19, , , , 
2022/9/27, 31, 20, , , , 
2022/9/28, 34, 16, , , , 
2022/9/29, 34, 16, , , , 
2022/9/30, 28, 16, , , , 
2022/4/1, 69, 41, , , , 
2022/4/2, 77, 36, , , , 
2022/4/3, 47, 46, , , , 
2022/4/4, 52, 45, 14, 11, , 4
2022/4/5, 58, 51, 12, 12, , 5
2022/4/6, 69, 35, 10, 13, , 5
2022/4/7, 56, 27, 10, 10, , 5
2022/4/8, 51, 20, 11, 7, , 4
2022/4/9, 27, 17, 13, 8, , 4
2022/4/10, 17, 27, , , , 
2022/4/11, 24, 41, , , , 
2022/4/12, 33, 48, , , , 
2022/4/13, 55, 41, , , , 
2022/4/14, 57, 23, , , , 
2022/4/15, 41, 35, , , , 
2022/4/16, 57, 40, , , , 
2022/4/17, 77, 32, , , , 
2022/4/18, 57, 30, , , , 
2022/4/19, 59, 36, , , , 
2022/4/20, 52, 39, , , , 
2022/4/21, 51, 40, , , , 
2022/4/22, 52, 32, , , , 
2022/4/23, 42, 19, , , , 
2022/4/24, 32, 19, , , , 
2022/4/25, 37, 14, , , , 
2022/4/26, 17, 385, , , , 
2022/4/27, 96, 33, , , , 
2022/4/28, 47, 36, , , , 
2022/4/29, 56, 37, , , , 
2022/4/30, 55, 32, , , , 
2022/5/1, 55, 33, , , , 
2022/5/2, 55, 42, , , , 
2022/5/3, 74, 43, , , , 
2022/5/4, 73, 30, , , , 
2022/5/5, 56, 60, , , , 
2022/5/6, 92, 51, , , , 
2022/5/7, 94, 32, , , , 
2022/5/8, 72, 32, , , , 
2022/5/9, 57, 42, , , , 
2022/5/10, 72, 37, , , , 
2022/5/11, 80, 47, , , , 
2022/5/12, 88, 54, , , , 
2022/5/13, 90, 46, , , , 
2022/5/14, 77, 43, , , , 
2022/5/15, 84, 47, , , , 
2022/5/16, 78, 56, , , , 
2022/5/17, 94, 58, , , , 
2022/5/18, 103, 31, , , , 
2022/5/19, 57, 27, , , , 
2022/5/20, 48, 26, , , , 
2022/5/21, 37, 40, , , , 
2022/5/22, 55, 43, , , , 
2022/5/23, 59, 42, , , , 
2022/5/24, 61, 27, , , , 
2022/5/25, 34, 31, , , , 
2022/5/26, 51, 46, , , , 
2022/5/27, 65, 51, , , , 
2022/5/28, 90, 42, , , , 
2022/5/29, 76, 46, , , , 
2022/5/30, 89, 42, , , , 
2022/5/31, 79, 36, , , , 
2022/6/1, 71, 31, , , , 
2022/6/2, 55, 26, , , , 
2022/6/3, 68, 33, , , , 
2022/6/4, 58, 25, , , , 
2022/6/5, 42, 25, , , , 
2022/6/6, 37, 22, , , , 
2022/6/7, 36, 31, , , , 
2022/6/8, 60, 34, , , , 
2022/6/9, 57, 55, , , , 
2022/6/10, 89, 52, , , , 
2022/6/11, 90, 44, , , , 
2022/6/12, 85, 45, , , , 
2022/6/13, 81, 37, , , , 
2022/6/14, 68, 38, , , , 
2022/6/15, 72, 22, , , , 
2022/6/16, 44, 33, , , , 
2022/6/17, 59, 44, , , , 
2022/6/18, 83, 40, , , , 
2022/6/19, 80, 43, , , , 
2022/6/20, 78, 24, , , , 
2022/6/21, 43, 25, , , , 
2022/6/22, 47, 23, , , , 
2022/6/23, 33, 32, , , , 
2022/6/24, 54, 38, , , , 
2022/6/25, 86, 33, , , , 
2022/6/26, 65, 25, , , , 
2022/6/27, 55, 23, , , , 
2022/6/28, 39, 24, , , , 
2022/6/29, 45, 31, , , , 
2022/6/30, 46, 12, , , , 
2022/1/3, 39, 28, , , , 
2022/1/4, 37, 33, , , , 
2022/1/5, 45, 29, , , , 
2022/1/6, 37, 27, , , , 
2022/1/7, 49, 24, , , , 
2022/1/8, 36, 16, , , , 
2022/1/9, 22, 21, , , , 
2022/1/10, 33, 25, , , , 
2022/1/11, 35, 30, , , , 
2022/1/12, 46, 25, , , , 
2022/1/13, 18, 30, , , , 
2022/1/14, 34, 27, , , , 
2022/1/15, 55, 19, , , , 
2022/1/16, 21, 32, , , , 
2022/1/17, 8, 34, , , , 
2022/1/18, 37, 30, , , , 
2022/1/19, 34, 29, , , , 
2022/1/20, 34, 24, , , , 
2022/1/21, 39, 38, , , , 
2022/1/22, 29, 25, , , , 
2022/1/23, 31, 40, , , , 
2022/1/24, 48, 26, , , , 
2022/1/25, 34, 27, , , , 
2022/1/26, 32, 27, , , , 
2022/1/27, 44, 29, , , , 
2022/1/28, 32, 28, , , , 
2022/1/29, 36, 20, , , , 
2022/1/30, 29, 34, , , , 
2022/1/31, 45, 34, , , , 
2022/2/1, 42, 30, , , , 
2022/2/2, 37, 24, , , , 
2022/2/3, 39, 27, , , , 
2022/2/4, 29, 37, , , , 
2022/2/5, 47, 36, , , , 
2022/2/6, 52, 25, , , , 
2022/2/7, 35, 26, , , , 
2022/2/8, 34, 28, , , , 
2022/2/9, 38, 27, , , , 
2022/2/10, 28, 44, , , , 
2022/2/11, 56, 52, , , , 
2022/2/12, 80, 37, , , , 
2022/2/13, 55, 44, , , , 
2022/2/14, 51, 33, , , , 
2022/2/15, 53, 33, , , , 
2022/2/16, 42, 45, , , , 
2022/2/17, 64, 53, , , , 
2022/2/18, 75, 36, , , , 
2022/2/19, 35, 28, , , , 
2022/2/20, 34, 30, , , , 
2022/2/21, 22, 22, 5, 5, , 10
2022/2/22, 28, 26, 8, 6, , 10
2022/2/23, 34, 29, 15, 7, , 9
2022/2/24, 26, 38, 12, 8, , 10
2022/2/25, 47, 13, 12, 6, , 9
2022/2/26, 30, , 12, 4, , 10
2022/2/28, 71, 61, , , , 
2022/3/1, 89, 42, , , , 
2022/3/2, 68, 21, , , , 
2022/3/3, 38, 24, , , , 
2022/3/4, 41, 40, , , , 
2022/3/5, 38, 28, , , , 
2022/3/6, 18, 34, , , , 
2022/3/7, 35, 34, , , , 
2022/3/8, 29, 33, , , , 
2022/3/9, 39, 52, , , , 
2022/3/10, 51, 46, , , , 
2022/3/11, 59, 30, , , , 
2022/3/12, 49, 30, , , , 
2022/3/13, 58, 30, , , , 
2022/3/14, 57, 32, , , , 
2022/3/15, 59, 22, , , , 
2022/3/16, 40, 20, , , , 
2022/3/17, 47, 35, , , , 
2022/3/18, 31, 54, , , , 
2022/3/19, 77, 41, , , , 
2022/3/20, 77, 29, , , , 
2022/3/21, 20, 33, , , , 
2022/3/22, 43, 36, , , , 
2022/3/23, 20, 49, , , , 
2022/3/24, 45, 56, , , , 
2022/3/25, 73, 31, , , , 
2022/3/26, 51, 28, , , , 
2022/3/27, 30, 31, , , , 
2022/3/28, 56, 49, , , , 
2022/3/29, 29, 60, , , , 
2022/3/30, 36, 62, , , , 
2022/3/31, 82, 42, , , , 
2021/10/1, 22, 20, , , , 
2021/10/2, 22, 27, , , , 
2021/10/3, 35, 30, , , , 
2021/10/4, 41, 33, , , , 
2021/10/5, 55, 34, , , , 
2021/10/6, 42, 26, , , , 
2021/10/7, 41, 20, , , , 
2021/10/8, 33, 21, , , , 
2021/10/9, 42, 21, , , , 
2021/10/10, 33, 28, , , , 
2021/10/11, 50, 21, , , , 
2021/10/12, 35, 18, , , , 
2021/10/13, 25, 27, , , , 
2021/10/14, 20, 26, , , , 
2021/10/15, 29, 29, , , , 
2021/10/16, 43, 25, , , , 
2021/10/17, 36, 33, , , , 
2021/10/18, 50, 27, , , , 
2021/10/19, 56, 17, , , , 
2021/10/20, 34, 25, , , , 
2021/10/21, 39, 33, , , , 
2021/10/22, 35, 30, , , , 
2021/10/23, 27, 34, , , , 
2021/10/24, 46, 54, , , , 
2021/10/25, 63, 26, , , , 
2021/10/26, 36, 17, , , , 
2021/10/27, 35, 35, , , , 
2021/10/28, 53, 38, , , , 
2021/10/29, 55, 38, , , , 
2021/10/30, 58, 34, , , , 
2021/10/31, 42, 22, , , , 
2021/11/1, 43, 25, , , , 
2021/11/2, 37, 26, , , , 
2021/11/3, 33, 47, , , , 
2021/11/4, 22, 36, , , , 
2021/11/5, 60, 29, , , , 
2021/11/6, 41, 30, , , , 
2021/11/7, 43, 35, , , , 
2021/11/8, 54, 14, , , , 
2021/11/9, 26, 17, , , , 
2021/11/10, 26, 21, , , , 
2021/11/11, 35, 20, , , , 
2021/11/12, 21, 30, , , , 
2021/11/13, 18, 30, , , , 
2021/11/14, 38, 33, , , , 
2021/11/15, 34, 35, , , , 
2021/11/16, 39, 37, , , , 
2021/11/17, 57, 34, , , , 
2021/11/18, 52, 22, , , , 
2021/11/19, 49, 15, , , , 
2021/11/20, 28, 23, , , , 
2021/11/21, 57, 27, , , , 
2021/11/22, 62, 14, , , , 
2021/11/23, 29, 13, , , , 
2021/11/24, 30, 24, , , , 
2021/11/25, 36, 20, , , , 
2021/11/26, 39, 23, , , , 
2021/11/27, 13, 30, , , , 
2021/11/28, 31, 34, , , , 
2021/11/29, 53, 21, , , , 
2021/11/30, 19, 22, , , , 
2021/12/1, 29, 42, , , , 
2021/12/2, 29, 170, , , , 
2021/12/3, 69, 40, , , , 
2021/12/4, 57, 35, , , , 
2021/12/5, 58, 23, , , , 
2021/12/6, 36, 20, , , , 
2021/12/7, 37, 23, , , , 
2021/12/8, 41, 28, , , , 
2021/12/9, 53, 22, , , , 
2021/12/10, 36, 14, , , , 
2021/12/11, 25, 17, , , , 
2021/12/12, 19, 29, , , , 
2021/12/13, 30, 33, , , , 
2021/12/14, 26, 27, , , , 
2021/12/15, 45, 26, , , , 
2021/12/16, 45, 27, , , , 
2021/12/17, 36, 24, , , , 
2021/12/18, 34, 32, , , , 
2021/12/19, 59, 28, , , , 
2021/12/20, 51, 28, , , , 
2021/12/21, 45, 32, , , , 
2021/12/22, 49, 25, , , , 
2021/12/23, 45, 25, , , , 
2021/12/24, 35, 31, , , , 
2021/12/25, 58, 37, , , , 
2021/12/26, 71, 26, , , , 
2021/12/27, 58, 22, , , , 
2021/12/28, 40, 19, , , , 
2021/12/29, 37, 26, , , , 
2021/12/30, 39, 33, , , , 
2021/12/31, 29, 28, , , , 
2022/1/1, 35, 22, , , , 
2022/1/2, 44, 26, , , , 
2021/7/1, 76, 39, , , , 
2021/7/2, 68, 51, , , , 
2021/7/3, 90, 52, , , , 
2021/7/4, 88, 50, , , , 
2021/7/5, 98, 37, , , , 
2021/7/6, 85, 33, , , , 
2021/7/7, 66, 40, , , , 
2021/7/8, 74, 36, , , , 
2021/7/9, 66, 47, , , , 
2021/7/10, 76, 54, , , , 
2021/7/11, 87, 38, , , , 
2021/7/12, 66, 34, , , , 
2021/7/13, 64, 39, , , , 
2021/7/14, 70, 56, , , , 
2021/7/15, 105, 41, , , , 
2021/7/16, 78, 37, , , , 
2021/7/17, 69, 48, , , , 
2021/7/18, 87, 56, , , , 
2021/7/19, 95, 57, , , , 
2021/7/20, 99, 61, , , , 
2021/7/21, 100, 49, , , , 
2021/7/22, 84, 49, , , , 
2021/7/23, 83, 35, , , , 
2021/7/24, 66, 25, , , , 
2021/7/25, 61, 21, , , , 
2021/7/26, 50, 24, , , , 
2021/7/27, 44, 39, , , , 
2021/7/28, 69, 56, , , , 
2021/7/29, 93, 58, , , , 
2021/7/30, 98, 58, , , , 
2021/7/31, 105, 66, , , , 
2021/8/1, 122, 61, , , , 
2021/8/2, 115, 53, , , , 
2021/8/3, 96, 52, , , , 
2021/8/4, 92, 35, , , , 
2021/8/5, 67, 36, , , , 
2021/8/6, 64, 36, , , , 
2021/8/7, 64, 42, , , , 
2021/8/8, 79, 28, , , , 
2021/8/9, 57, 41, , , , 
2021/8/10, 68, 50, , , , 
2021/8/11, 76, 46, , , , 
2021/8/12, 81, 57, , , , 
2021/8/13, 108, 61, , , , 
2021/8/14, 119, 59, , , , 
2021/8/15, 113, 34, , , , 
2021/8/16, 66, 30, , , , 
2021/8/17, 54, 28, , , , 
2021/8/18, 48, 20, , , , 
2021/8/19, 39, 30, , , , 
2021/8/20, 36, 33, , , , 
2021/8/21, 46, 25, , , , 
2021/8/22, 31, 31, , , , 
2021/8/23, 40, 24, , , , 
2021/8/24, 41, 21, , , , 
2021/8/25, 29, 18, , , , 
2021/8/26, 27, 25, , , , 
2021/8/27, 43, 36, , , , 
2021/8/28, 54, 30, , , , 
2021/8/29, 56, 20, , , , 
2021/8/30, 30, 20, , , , 
2021/8/31, 35, 26, , , , 
2021/9/1, 40, 24, , , , 
2021/9/2, 50, 18, , , , 
2021/9/3, 36, 18, , , , 
2021/9/4, 24, 23, , , , 
2021/9/5, 47, 17, , , , 
2021/9/6, 18, 15, , , , 
2021/9/7, 26, 25, , , , 
2021/9/8, 26, 32, , , , 
2021/9/9, 52, 35, , , , 
2021/9/10, 57, 35, , , , 
2021/9/11, 41, , , , , 
2021/9/13, 59, 20, , , , 
2021/9/14, 57, 28, , , , 
2021/9/15, 50, 31, , , , 
2021/9/16, 57, 15, , , , 
2021/9/17, 36, 15, , , , 
2021/9/18, 30, 19, , , , 
2021/9/19, 38, 21, , , , 
2021/9/20, 26, 28, , , , 
2021/9/21, 43, 25, , , , 
2021/9/22, 38, 35, , , , 
2021/9/23, 50, 38, , , , 
2021/9/24, 62, 16, , , , 
2021/9/25, 28, 19, , , , 
2021/9/26, 28, 30, , , , 
2021/9/27, 39, 36, , , , 
2021/9/28, 49, 26, , , , 
2021/9/29, 42, 20, , , , 
2021/9/30, 34, 22, , , , 
2021/4/1, 63, 28, , , , 
2021/4/2, 59, 42, , , , 
2021/4/3, 88, 32, , , , 
2021/4/4, 71, 24, , , , 
2021/4/5, 55, 22, , , , 
2021/4/6, 41, 27, , , , 
2021/4/7, 30, 26, , , , 
2021/4/8, 35, 23, , , , 
2021/4/9, 25, 32, , , , 
2021/4/10, 33, 34, , , , 
2021/4/11, 41, 38, , , , 
2021/4/12, 56, 39, , , , 
2021/4/13, 62, 31, , , , 
2021/4/14, 56, 32, , , , 
2021/4/15, 57, 32, , , , 
2021/4/16, 65, 29, , , , 
2021/4/17, 53, 28, , , , 
2021/4/18, 49, 32, , , , 
2021/4/19, 54, 24, , , , 
2021/4/20, 34, 28, , , , 
2021/4/21, 27, 20, , , , 
2021/4/22, 33, 18, , , , 
2021/4/23, 41, 29, , , , 
2021/4/24, 55, 36, , , , 
2021/4/25, 66, 41, , , , 
2021/4/26, 94, 45, , , , 
2021/4/27, 108, 49, , , , 
2021/4/28, 87, 52, , , , 
2021/4/29, 94, 35, , , , 
2021/4/30, 78, 29, , , , 
2021/5/1, 61, 24, , , , 
2021/5/2, 55, 19, , , , 
2021/5/3, 36, 20, , , , 
2021/5/4, 40, 25, , , , 
2021/5/5, 45, 20, , , , 
2021/5/6, 57, 30, , , , 
2021/5/7, 66, 28, , , , 
2021/5/8, 53, 24, , , , 
2021/5/9, 43, 34, , , , 
2021/5/10, 57, 46, , , , 
2021/5/11, 74, 53, , , , 
2021/5/12, 84, 52, , , , 
2021/5/13, 83, 57, , , , 
2021/5/14, 89, 65, , , , 
2021/5/15, 114, 71, , , , 
2021/5/16, 134, 66, , , , 
2021/5/17, 128, 44, , , , 
2021/5/18, 82, 27, , , , 
2021/5/19, 48, 33, , , , 
2021/5/20, 44, 45, , , , 
2021/5/21, 37, 46, , , , 
2021/5/22, 30, 46, , , , 
2021/5/23, 51, 44, , , , 
2021/5/24, 60, 46, , , , 
2021/5/25, 68, 50, , , , 
2021/5/26, 75, 18, , , , 
2021/5/27, 123, 27, , , , 
2021/5/28, 65, 34, , , , 
2021/5/29, 58, 53, , , , 
2021/5/30, 94, 46, , , , 
2021/5/31, 72, 55, , , , 
2021/6/1, 74, 47, , , , 
2021/6/2, 63, 42, , , , 
2021/6/3, 57, 36, , , , 
2021/6/4, 52, 31, , , , 
2021/6/5, 56, 35, , , , 
2021/6/6, 55, 42, , , , 
2021/6/7, 65, 48, , , , 
2021/6/8, 72, 43, , , , 
2021/6/9, 66, 37, , , , 
2021/6/10, 60, 47, , , , 
2021/6/11, 63, 55, , , , 
2021/6/12, 81, 47, , , , 
2021/6/13, 77, 39, , , , 
2021/6/14, 69, 31, , , , 
2021/6/15, 59, 25, , , , 
2021/6/16, 38, 29, , , , 
2021/6/17, 49, 39, , , , 
2021/6/18, 66, 44, , , , 
2021/6/19, 76, 51, , , , 
2021/6/20, 81, 39, , , , 
2021/6/21, 70, 39, , , , 
2021/6/22, 64, 30, , , , 
2021/6/23, 52, 29, , , , 
2021/6/24, 53, 31, , , , 
2021/6/25, 57, 20, , , , 
2021/6/26, 32, 26, , , , 
2021/6/27, 52, 33, , , , 
2021/6/28, 68, 46, , , , 
2021/6/29, 89, 58, , , , 
2021/6/30, 98, 48, , , , 
2021/1/4, 85, 48, , , , 
2021/1/5, 65, 50, , , , 
2021/1/6, 70, 45, , , , 
2021/1/7, 68, 38, , , , 
2021/1/8, 54, 37, , , , 
2021/1/9, 48, 30, , , , 
2021/1/10, 41, 33, , , , 
2021/1/11, 39, 50, , , , 
2021/1/12, 61, 54, , , , 
2021/1/13, 68, 45, , , , 
2021/1/14, 62, 65, , , , 
2021/1/15, 118, 92, , , , 
2021/1/16, 147, 149, , , , 
2021/1/17, 209, 65, , , , 
2021/1/18, 110, 40, , , , 
2021/1/19, 57, 36, , , , 
2021/1/20, 55, 35, , , , 
2021/1/21, 56, 29, , , , 
2021/1/22, 48, 24, , , , 
2021/1/23, 45, 25, , , , 
2021/1/24, 47, 27, , , , 
2021/1/25, 46, 37, , , , 
2021/1/26, 65, 39, , , , 
2021/1/27, 65, 35, , , , 
2021/1/28, 57, 31, , , , 
2021/1/29, 55, 20, , , , 
2021/1/30, 45, 13, , , , 
2021/1/31, 41, 17, , , , 
2021/2/1, 37, 22, , , , 
2021/2/2, 49, 26, , , , 
2021/2/3, 51, 27, , , , 
2021/2/4, 57, 18, , , , 
2021/2/5, 40, 21, , , , 
2021/2/6, 43, 19, , , , 
2021/2/7, 45, 18, , , , 
2021/2/8, 47, 22, , , , 
2021/2/9, 49, 25, , , , 
2021/2/10, 57, 15, , , , 
2021/2/11, 34, 21, , , , 
2021/2/12, 42, 20, , , , 
2021/2/13, 40, , , , , 
2021/2/15, 62, 28, , , , 
2021/2/16, 62, 26, , , , 
2021/2/17, 52, 24, , , , 
2021/2/18, 42, 31, , , , 
2021/2/19, 56, 35, , , , 
2021/2/20, 62, , , , , 
2021/2/22, 84, 38, , , , 
2021/2/23, 70, 43, , , , 
2021/2/24, 70, 36, , , , 
2021/2/25, 63, 33, , , , 
2021/2/26, 60, 30, , , , 
2021/2/27, 58, 33, , , , 
2021/2/28, 60, 32, , , , 
2021/3/1, 72, 24, , , , 
2021/3/2, 56, 24, , , , 
2021/3/3, 47, 28, , , , 
2021/3/4, 65, 22, , , , 
2021/3/5, 53, 18, , , , 
2021/3/6, 38, 25, , , , 
2021/3/7, 48, 33, , , , 
2021/3/8, 63, 30, , , , 
2021/3/9, 69, 28, , , , 
2021/3/10, 53, 31, , , , 
2021/3/11, 52, 36, , , , 
2021/3/12, 59, 30, , , , 
2021/3/13, 57, 25, , , , 
2021/3/14, 57, 23, , , , 
2021/3/15, 42, 26, , , , 
2021/3/16, 37, 27, , , , 
2021/3/17, 38, 26, , , , 
2021/3/18, 14, 28, , , , 
2021/3/19, 5, 23, , , , 
2021/3/22, 32, 98, , , , 
2021/3/23, 174, 45, , , , 
2021/3/24, 88, 35, , , , 
2021/3/25, 43, 45, , , , 
2021/3/26, 51, 52, , , , 
2021/3/27, 73, 44, , , , 
2021/3/28, 63, 33, , , , 
2021/3/29, 50, 23, , , , 
2021/3/30, 39, 38, , , , 
2021/3/31, 59, 35, , , , 
2020/10/1, 30, 18, , , , 
2020/10/2, 41, 17, , , , 
2020/10/3, 37, 15, , , , 
2020/10/4, 30, 21, , , , 
2020/10/5, 48, 23, , , , 
2020/10/6, 44, 30, , , , 
2020/10/7, 51, 29, , , , 
2020/10/8, 48, 27, , , , 
2020/10/9, 64, 32, , , , 
2020/10/10, 59, 32, , , , 
2020/10/11, 51, 30, , , , 
2020/10/12, 62, 33, , , , 
2020/10/13, 67, 24, , , , 
2020/10/14, 52, 19, , , , 
2020/10/15, 51, 11, , , , 
2020/10/16, 31, 11, , , , 
2020/10/17, 37, 16, , , , 
2020/10/18, 50, 23, , , , 
2020/10/19, 44, 28, , , , 
2020/10/20, 46, 29, , , , 
2020/10/21, 52, 27, , , , 
2020/10/22, 52, 22, , , , 
2020/10/23, 42, 15, , , , 
2020/10/24, 28, , , , , 
2020/10/26, 69, 16, , , , 
2020/10/27, 47, 26, , , , 
2020/10/28, 38, 31, , , , 
2020/10/29, 54, 29, , , , 
2020/10/30, 59, 25, , , , 
2020/10/31, 61, 16, , , , 
2020/11/1, 55, 13, , , , 
2020/11/2, 50, 15, , , , 
2020/11/3, 49, 19, , , , 
2020/11/4, 38, 35, , , , 
2020/11/5, 44, 43, , , , 
2020/11/6, 63, 42, , , , 
2020/11/7, 64, 34, , , , 
2020/11/8, 56, 25, , , , 
2020/11/9, 44, 26, , , , 
2020/11/10, 50, 14, , , , 
2020/11/11, 36, 14, , , , 
2020/11/12, 37, 13, , , , 
2020/11/13, 38, 18, , , , 
2020/11/14, 37, 25, , , , 
2020/11/15, 48, 25, , , , 
2020/11/16, 51, 26, , , , 
2020/11/17, 50, 22, , , , 
2020/11/18, 41, 19, , , , 
2020/11/19, 54, 9, , , , 
2020/11/20, 31, 14, , , , 
2020/11/21, 30, 24, , , , 
2020/11/22, 42, 24, , , , 
2020/11/23, 43, 24, , , , 
2020/11/24, 36, 38, , , , 
2020/11/25, 36, 49, , , , 
2020/11/26, 58, 49, , , , 
2020/11/27, 60, 30, , , , 
2020/11/28, 43, 25, , , , 
2020/11/29, 36, 39, , , , 
2020/11/30, 52, 43, , , , 
2020/12/1, 56, 34, , , , 
2020/12/2, 44, 41, , , , 
2020/12/3, 47, 44, , , , 
2020/12/4, 58, 38, , , , 
2020/12/5, 53, 34, , , , 
2020/12/6, 51, 26, , , , 
2020/12/7, 56, 23, , , , 
2020/12/8, 44, 32, , , , 
2020/12/9, 46, 35, , , , 
2020/12/10, 43, 35, , , , 
2020/12/11, 41, 37, , , , 
2020/12/12, 46, 36, , , , 
2020/12/13, 39, 54, , , , 
2020/12/14, 60, 41, , , , 
2020/12/15, 51, 49, , , , 
2020/12/16, 66, 40, , , , 
2020/12/17, 65, 25, , , , 
2020/12/18, 41, 20, , , , 
2020/12/19, 32, 23, , , , 
2020/12/20, 34, 35, , , , 
2020/12/21, 54, 34, , , , 
2020/12/22, 53, 29, , , , 
2020/12/23, 48, 28, , , , 
2020/12/24, 52, 33, , , , 
2020/12/25, 56, 25, , , , 
2020/12/26, 48, 12, , , , 
2020/12/27, 26, 13, , , , 
2020/12/28, 34, 17, , , , 
2020/12/29, 29, 29, , , , 
2020/12/30, 29, 50, , , , 
2020/12/31, 62, 43, , , , 
2021/1/1, 61, 31, , , , 
2021/1/2, 53, 26, , , , 
2021/1/3, 43, 40, , , , 
2020/7/1, 57, 28, , , , 
2020/7/2, 46, 31, , , , 
2020/7/3, 59, 28, , , , 
2020/7/4, 61, 14, , , , 
2020/7/5, 29, 24, , , , 
2020/7/6, 21, 27, , , , 
2020/7/7, 41, 22, , , , 
2020/7/8, 51, 26, , , , 
2020/7/9, 31, 24, , , , 
2020/7/10, 43, 21, , , , 
2020/7/11, 30, 29, , , , 
2020/7/12, 57, 38, , , , 
2020/7/13, 63, 34, , , , 
2020/7/14, 64, 32, , , , 
2020/7/15, 68, 26, , , , 
2020/7/16, 53, 20, , , , 
2020/7/17, 53, 19, , , , 
2020/7/18, 36, 21, , , , 
2020/7/19, 28, 21, , , , 
2020/7/20, 25, 16, , , , 
2020/7/21, 19, 16, , , , 
2020/7/22, 15, 19, , , , 
2020/7/23, 28, 19, , , , 
2020/7/24, 38, 23, , , , 
2020/7/25, 49, 24, , , , 
2020/7/26, 66, 21, , , , 
2020/7/27, 53, 26, , , , 
2020/7/28, 45, 37, , , , 
2020/7/29, 62, 36, , , , 
2020/7/30, 84, 35, , , , 
2020/7/31, 56, 41, , , , 
2020/8/1, 80, 32, , , , 
2020/8/2, 56, 27, , , , 
2020/8/3, 57, 29, , , , 
2020/8/4, 44, 26, , , , 
2020/8/5, 63, 20, , , , 
2020/8/6, 26, 30, , , , 
2020/8/7, 35, 42, , , , 
2020/8/8, 63, 35, , , , 
2020/8/9, 65, 20, , , , 
2020/8/10, 23, 23, , , , 
2020/8/11, 25, 26, , , , 
2020/8/12, 41, 26, , , , 
2020/8/13, 60, 17, , , , 
2020/8/14, 45, 18, , , , 
2020/8/15, 32, 23, , , , 
2020/8/16, 45, 25, , , , 
2020/8/17, 53, 25, , , , 
2020/8/18, 52, 23, , , , 
2020/8/19, 40, 37, , , , 
2020/8/20, 37, 40, , , , 
2020/8/21, 79, 37, , , , 
2020/8/22, 87, 22, , , , 
2020/8/23, 52, 31, , , , 
2020/8/24, 30, 23, , , , 
2020/8/25, 47, 14, , , , 
2020/8/26, 28, 15, , , , 
2020/8/27, 24, 18, , , , 
2020/8/28, 31, 15, , , , 
2020/8/29, 38, 14, , , , 
2020/8/30, 30, 22, , , , 
2020/8/31, 39, 22, , , , 
2020/9/1, 52, 23, , , , 
2020/9/2, 52, 24, , , , 
2020/9/3, 60, 26, , , , 
2020/9/4, 67, 18, , , , 
2020/9/5, 52, 25, , , , 
2020/9/6, 58, 26, , , , 
2020/9/7, 56, 23, , , , 
2020/9/8, 51, 24, , , , 
2020/9/9, 48, 22, , , , 
2020/9/10, 43, 23, , , , 
2020/9/11, 39, 29, , , , 
2020/9/12, 52, 25, , , , 
2020/9/13, 50, 31, , , , 
2020/9/14, 64, 30, , , , 
2020/9/15, 60, 34, , , , 
2020/9/16, 59, 33, , , , 
2020/9/17, 68, 35, , , , 
2020/9/18, 60, 32, , , , 
2020/9/19, 63, 25, , , , 
2020/9/20, 63, 22, , , , 
2020/9/21, 59, 26, , , , 
2020/9/22, 67, 36, , , , 
2020/9/23, 60, 36, , , , 
2020/9/24, 63, 21, , , , 
2020/9/25, 49, 12, , , , 
2020/9/26, 34, 22, , , , 
2020/9/27, 44, 29, , , , 
2020/9/28, 65, 19, , , , 
2020/9/29, 43, 14, , , , 
2020/9/30, 25, 20, , , , 
2020/4/1, 48, 50, , , , 
2020/4/2, 59, 50, , , , 
2020/4/3, 73, 43, , , , 
2020/4/4, 65, 33, , , , 
2020/4/5, 59, 38, , , , 
2020/4/6, 49, 44, , , , 
2020/4/7, 55, 47, , , , 
2020/4/8, 64, 34, , , , 
2020/4/9, 59, 21, , , , 
2020/4/10, 36, 28, , , , 
2020/4/11, 38, 33, , , , 
2020/4/12, 57, 32, , , , 
2020/4/13, 53, 37, , , , 
2020/4/14, 56, 45, , , , 
2020/4/15, 75, 46, , , , 
2020/4/16, 88, 36, , , , 
2020/4/17, 66, 29, , , , 
2020/4/18, 52, 28, , , , 
2020/4/19, 42, 39, , , , 
2020/4/20, 47, 40, , , , 
2020/4/21, 63, 39, , , , 
2020/4/22, 59, 26, , , , 
2020/4/23, 47, 17, , , , 
2020/4/24, 27, 4, , , , 
2020/4/25, 31, 3, , , , 
2020/4/26, 26, 8, , , , 
2020/4/27, 19, 25, , , , 
2020/4/28, 18, 32, , , , 
2020/4/29, 29, 35, , , , 
2020/4/30, 36, 35, , , , 
2020/5/1, 58, 26, , , , 
2020/5/2, 51, 26, , , , 
2020/5/3, 45, 37, , , , 
2020/5/4, 44, 42, , , , 
2020/5/5, 53, 43, , , , 
2020/5/6, 52, 41, , , , 
2020/5/7, 61, 45, , , , 
2020/5/8, 64, 47, , , , 
2020/5/9, 77, 33, , , , 
2020/5/10, 65, 28, , , , 
2020/5/11, 32, 40, , , , 
2020/5/12, 48, 46, , , , 
2020/5/13, 67, 47, , , , 
2020/5/14, 67, 48, , , , 
2020/5/15, 61, 47, , , , 
2020/5/16, 62, 37, , , , 
2020/5/17, 61, 31, , , , 
2020/5/18, 56, 35, , , , 
2020/5/19, 58, 28, , , , 
2020/5/20, 52, 17, , , , 
2020/5/21, 45, 23, , , , 
2020/5/22, 36, 38, , , , 
2020/5/23, 57, 41, , , , 
2020/5/24, 75, 39, , , , 
2020/5/25, 54, 41, , , , 
2020/5/26, 59, 42, , , , 
2020/5/27, 58, 44, , , , 
2020/5/28, 69, 43, , , , 
2020/5/29, 60, 51, , , , 
2020/5/30, 84, 47, , , , 
2020/5/31, 93, 35, , , , 
2020/6/1, 71, 41, , , , 
2020/6/2, 68, 37, , , , 
2020/6/3, 60, 24, , , , 
2020/6/4, 36, 31, , , , 
2020/6/5, 55, 43, , , , 
2020/6/6, 83, 39, , , , 
2020/6/7, 102, 29, , , , 
2020/6/8, 67, 37, , , , 
2020/6/9, 71, 34, , , , 
2020/6/10, 62, 29, , , , 
2020/6/11, 60, 22, , , , 
2020/6/12, 40, 26, , , , 
2020/6/13, 39, 30, , , , 
2020/6/14, 63, 27, , , , 
2020/6/15, 56, 28, , , , 
2020/6/16, 38, 24, , , , 
2020/6/17, 45, 31, , , , 
2020/6/18, 45, 33, , , , 
2020/6/19, 69, 24, , , , 
2020/6/20, 45, 29, , , , 
2020/6/21, 49, 33, , , , 
2020/6/22, 60, , , , , 
2020/6/25, 13, 33, , , , 
2020/6/26, 13, 41, , , , 
2020/6/27, 51, 41, , , , 
2020/6/28, 92, 23, , , , 
2020/6/29, 48, 31, , , , 
2020/6/30, 27, 33, , , , 
2020/1/1, 67, 28, , , , 
2020/1/2, 42, 26, , , , 
2020/1/3, 41, 34, , , , 
2020/1/4, 47, 35, , , , 
2020/1/5, 50, 28, , , , 
2020/1/6, 41, 29, , , , 
2020/1/7, 32, 26, , , , 
2020/1/8, 33, 35, , , , 
2020/1/9, 24, 41, , , , 
2020/1/10, 30, 39, , , , 
2020/1/11, 39, , , , , 
2020/1/12, 51, 22, , , , 
2020/1/13, 35, 26, , , , 
2020/1/14, 28, 56, , , , 
2020/1/15, 41, 60, , , , 
2020/1/16, 61, 50, , , , 
2020/1/17, 60, 39, , , , 
2020/1/18, 50, 32, , , , 
2020/1/19, 42, 28, , , , 
2020/1/20, 37, 25, , , , 
2020/1/21, 38, 24, , , , 
2020/1/22, 30, 21, , , , 
2020/1/23, 19, 21, , , , 
2020/1/24, 29, 30, , , , 
2020/1/25, 49, 33, , , , 
2020/1/26, 54, 34, , , , 
2020/1/27, 52, 33, , , , 
2020/1/28, 50, 30, , , , 
2020/1/29, 46, 40, , , , 
2020/1/30, 48, 42, , , , 
2020/1/31, 53, 37, , , , 
2020/2/1, 51, 30, , , , 
2020/2/2, 45, 36, , , , 
2020/2/3, 41, 38, , , , 
2020/2/4, 31, 33, , , , 
2020/2/5, 33, 30, , , , 
2020/2/6, 32, 38, , , , 
2020/2/7, 33, 38, , , , 
2020/2/8, 49, 32, , , , 
2020/2/9, 52, 31, , , , 
2020/2/10, 43, 26, , , , 
2020/2/11, 41, 38, , , , 
2020/2/12, 41, 44, , , , 
2020/2/13, 44, 49, , , , 
2020/2/14, 57, 38, , , , 
2020/2/15, 54, 31, , , , 
2020/2/16, 45, 35, , , , 
2020/2/17, 28, 52, , , , 
2020/2/18, 34, 49, , , , 
2020/2/19, 53, 42, , , , 
2020/2/20, 54, 33, , , , 
2020/2/21, 47, 30, , , , 
2020/2/22, 45, 34, , , , 
2020/2/23, 47, 32, , , , 
2020/2/24, 54, 41, , , , 
2020/2/25, 48, 42, , , , 
2020/2/26, 52, 31, , , , 
2020/2/27, 51, 33, , , , 
2020/2/28, 48, 31, , , , 
2020/2/29, 53, 21, , , , 
2020/3/1, 47, 21, , , , 
2020/3/2, 34, 24, , , , 
2020/3/3, 32, 29, , , , 
2020/3/4, 43, 38, , , , 
2020/3/5, 49, 38, , , , 
2020/3/6, 54, 39, , , , 
2020/3/7, 60, 34, , , , 
2020/3/8, 50, 40, , , , 
2020/3/9, 53, 38, , , , 
2020/3/10, 53, 34, , , , 
2020/3/11, 45, 24, , , , 
2020/3/12, 40, 22, , , , 
2020/3/13, 27, 30, , , , 
2020/3/14, 23, 37, , , , 
2020/3/15, 38, 21, , , , 
2020/3/16, 46, 29, , , , 
2020/3/17, 35, 34, , , , 
2020/3/18, 49, 28, , , , 
2020/3/19, 48, 23, , , , 
2020/3/21, 22, 16, , , , 
2020/3/22, 31, 22, , , , 
2020/3/23, 28, 27, , , , 
2020/3/24, 27, 23, , , , 
2020/3/25, 27, 21, , , , 
2020/3/26, 36, 20, , , , 
2020/3/27, 35, 21, , , , 
2020/3/28, 32, 19, , , , 
2020/3/29, 37, , , , , 
2019/10/1, 17, 19, , , , 
2019/10/2, 19, 21, , , , 
2019/10/3, 22, 28, , , , 
2019/10/4, 25, 35, , , , 
2019/10/5, 35, 33, , , , 
2019/10/6, 36, 35, , , , 
2019/10/7, 26, 49, , , , 
2019/10/8, 40, 55, , , , 
2019/10/9, 61, 45, , , , 
2019/10/10, 56, 30, , , , 
2019/10/11, 52, 34, , , , 
2019/10/12, 54, 41, , , , 
2019/10/13, 58, 28, , , , 
2019/10/14, 43, 29, , , , 
2019/10/15, 28, 28, , , , 
2019/10/16, 38, 31, , , , 
2019/10/17, 36, 30, , , , 
2019/10/18, 27, 27, , , , 
2019/10/19, 37, 29, , , , 
2019/10/20, 33, 48, , , , 
2019/10/21, 48, 46, , , , 
2019/10/22, 49, 34, , , , 
2019/10/23, 53, 29, , , , 
2019/10/24, 48, 30, , , , 
2019/10/25, 35, 26, , , , 
2019/10/26, 39, 18, , , , 
2019/10/27, 27, 15, , , , 
2019/10/28, 22, 29, , , , 
2019/10/29, 22, 36, , , , 
2019/10/30, 29, 25, , , , 
2019/10/31, 36, 23, , , , 
2019/11/1, 22, 32, , , , 
2019/11/2, 20, 32, , , , 
2019/11/3, 35, 30, , , , 
2019/11/4, 36, 45, , , , 
2019/11/5, 47, 51, , , , 
2019/11/6, 65, 47, , , , 
2019/11/7, 48, 35, , , , 
2019/11/8, 53, 34, , , , 
2019/11/9, 55, 34, , , , 
2019/11/10, 55, 25, , , , 
2019/11/11, 37, 15, , , , 
2019/11/12, 25, 20, , , , 
2019/11/13, 25, 39, , , , 
2019/11/14, 31, 57, , , , 
2019/11/15, 45, 73, , , , 
2019/11/16, 110, 82, , , , 
2019/11/17, 169, 78, , , , 
2019/11/18, 134, 68, , , , 
2019/11/19, 103, 40, , , , 
2019/11/20, 55, 33, , , , 
2019/11/21, 52, 23, , , , 
2019/11/22, 38, 24, , , , 
2019/11/23, 32, 20, , , , 
2019/11/24, 32, 34, , , , 
2019/11/25, 28, 49, , , , 
2019/11/26, 31, 63, , , , 
2019/11/27, 44, 53, , , , 
2019/11/28, 68, 31, , , , 
2019/11/29, 37, 40, , , , 
2019/11/30, 30, 42, , , , 
2019/12/1, 52, 31, , , , 
2019/12/2, 37, 37, , , , 
2019/12/3, 39, 46, , , , 
2019/12/4, 51, 47, , , , 
2019/12/5, 55, 39, , , , 
2019/12/6, 51, 23, , , , 
2019/12/7, 37, 21, , , , 
2019/12/8, 34, 26, , , , 
2019/12/9, 38, 25, , , , 
2019/12/10, 26, 22, , , , 
2019/12/11, 18, 55, , , , 
2019/12/12, 36, 48, , , , 
2019/12/13, 52, 35, , , , 
2019/12/14, 40, 33, , , , 
2019/12/15, 32, 43, , , , 
2019/12/16, 38, 50, , , , 
2019/12/17, 48, 40, , , , 
2019/12/18, 51, 23, , , , 
2019/12/19, 33, 36, , , , 
2019/12/20, 25, 48, , , , 
2019/12/21, 42, 46, , , , 
2019/12/22, 57, 42, , , , 
2019/12/23, 49, 34, , , , 
2019/12/24, 41, 33, , , , 
2019/12/25, 28, 39, , , , 
2019/12/26, 34, 40, , , , 
2019/12/27, 41, 38, , , , 
2019/12/28, 37, 35, , , , 
2019/12/29, 33, , , , , 
2019/7/2, 24, 33, , , , 
2019/7/3, 60, 31, , , , 
2019/7/4, 61, 52, , , , 
2019/7/5, 65, 53, , , , 
2019/7/6, 96, 27, , , , 
2019/7/7, 50, 27, , , , 
2019/7/8, 55, 31, , , , 
2019/7/9, 51, 31, , , , 
2019/7/10, 67, 35, , , , 
2019/7/11, 98, 43, , , , 
2019/7/12, 82, 46, , , , 
2019/7/13, 100, 44, , , , 
2019/7/14, 63, 24, , , , 
2019/7/15, 63, 45, , , , 
2019/7/16, 85, 47, , , , 
2019/7/17, 64, 36, , , , 
2019/7/18, 68, 39, , , , 
2019/7/19, 73, 45, , , , 
2019/7/20, 78, 48, , , , 
2019/7/21, 56, 27, , , , 
2019/7/22, 34, 16, , , , 
2019/7/23, 37, 23, , , , 
2019/7/24, 63, 34, , , , 
2019/7/25, 75, 33, , , , 
2019/7/26, 60, 39, , , , 
2019/7/27, 84, 47, , , , 
2019/7/28, 87, 40, , , , 
2019/7/29, 79, 33, , , , 
2019/7/30, 44, 30, , , , 
2019/7/31, 35, 30, , , , 
2019/8/1, 26, 29, , , , 
2019/8/2, 32, 30, , , , 
2019/8/3, 56, 47, , , , 
2019/8/4, 82, 48, , , , 
2019/8/5, 73, 37, , , , 
2019/8/6, 64, 31, , , , 
2019/8/7, 37, 26, , , , 
2019/8/8, 38, 24, , , , 
2019/8/9, 49, 26, , , , 
2019/8/10, 62, 34, , , , 
2019/8/11, 60, 25, , , , 
2019/8/12, 32, 24, , , , 
2019/8/13, 41, 44, , , , 
2019/8/14, 63, 47, , , , 
2019/8/15, 55, 32, , , , 
2019/8/16, 34, 18, , , , 
2019/8/17, 48, 23, , , , 
2019/8/18, 51, 27, , , , 
2019/8/19, 61, 38, , , , 
2019/8/20, 71, 38, , , , 
2019/8/21, 60, 34, , , , 
2019/8/22, 68, 46, , , , 
2019/8/23, 67, 51, , , , 
2019/8/24, 65, 54, , , , 
2019/8/25, 63, 49, , , , 
2019/8/26, 51, 38, , , , 
2019/8/27, 46, 45, , , , 
2019/8/28, 54, 44, , , , 
2019/8/29, 45, 29, , , , 
2019/8/30, 32, 33, , , , 
2019/8/31, 38, 37, , , , 
2019/9/1, 45, 35, , , , 
2019/9/2, 47, 39, , , , 
2019/9/3, 43, 44, , , , 
2019/9/4, 55, 42, , , , 
2019/9/5, 38, 29, , , , 
2019/9/6, 34, 29, , , , 
2019/9/7, 31, 22, , , , 
2019/9/8, 18, 12, , , , 
2019/9/9, 11, 16, , , , 
2019/9/10, 19, 19, , , , 
2019/9/11, 25, 25, , , , 
2019/9/12, 24, 38, , , , 
2019/9/13, 48, 39, , , , 
2019/9/14, 41, 24, , , , 
2019/9/15, 33, 21, , , , 
2019/9/16, 17, 25, , , , 
2019/9/17, 27, 30, , , , 
2019/9/18, 38, 33, , , , 
2019/9/19, 37, 26, , , , 
2019/9/20, 30, 48, , , , 
2019/9/21, 37, 52, , , , 
2019/9/22, 52, 42, , , , 
2019/9/23, 46, 30, , , , 
2019/9/24, 54, 33, , , , 
2019/9/25, 62, 32, , , , 
2019/9/26, 65, 26, , , , 
2019/9/27, 47, 18, , , , 
2019/9/28, 27, 24, , , , 
2019/9/29, 38, 24, , , , 
2019/9/30, 29, 19, , , , 
2019/4/1, 38, 34, , , , 
2019/4/2, 73, 27, , , , 
2019/4/3, 74, 28, , , , 
2019/4/4, 53, 33, , , , 
2019/4/5, 43, 42, , , , 
2019/4/6, 55, 37, , , , 
2019/4/7, 66, 33, , , , 
2019/4/8, 67, 29, , , , 
2019/4/9, 67, 36, , , , 
2019/4/10, 39, 39, , , , 
2019/4/11, 66, 27, , , , 
2019/4/12, 67, 31, , , , 
2019/4/13, 46, 34, , , , 
2019/4/14, 59, 41, , , , 
2019/4/15, 53, 75, , , , 
2019/4/16, 120, 57, , , , 
2019/4/17, 128, 47, , , , 
2019/4/18, 106, 40, , , , 
2019/4/19, 84, 24, , , , 
2019/4/20, 60, 19, , , , 
2019/4/21, 37, 26, , , , 
2019/4/22, 45, 34, , , , 
2019/4/23, 61, 36, , , , 
2019/4/24, 78, 28, , , , 
2019/4/25, 64, 23, , , , 
2019/4/26, 45, 30, , , , 
2019/4/27, 52, 36, , , , 
2019/4/28, 65, 37, , , , 
2019/4/29, 61, 54, , , , 
2019/4/30, 58, 57, , , , 
2019/5/1, 73, 54, , , , 
2019/5/2, 68, 35, , , , 
2019/5/3, 57, 15, , , , 
2019/5/4, 50, 25, , , , 
2019/5/5, 49, 33, , , , 
2019/5/6, 62, 27, , , , 
2019/5/7, 52, 27, , , , 
2019/5/8, 54, 25, , , , 
2019/5/9, 61, 26, , , , 
2019/5/10, 32, 33, , , , 
2019/5/11, 52, 37, , , , 
2019/5/12, 68, 43, , , , 
2019/5/13, 65, 45, , , , 
2019/5/14, 90, 37, , , , 
2019/5/15, 107, 27, , , , 
2019/5/16, 65, 26, , , , 
2019/5/17, 53, 29, , , , 
2019/5/18, 46, 25, , , , 
2019/5/19, 39, 27, , , , 
2019/5/20, 55, 22, , , , 
2019/5/21, 48, 33, , , , 
2019/5/22, 53, 50, , , , 
2019/5/23, 81, 55, , , , 
2019/5/24, 109, 57, , , , 
2019/5/25, 124, 31, , , , 
2019/5/26, 61, 28, , , , 
2019/5/27, 46, 31, , , , 
2019/5/28, 58, 38, , , , 
2019/5/29, 67, 21, , , , 
2019/5/30, 49, 23, , , , 
2019/5/31, 33, 36, , , , 
2019/6/1, 44, 46, , , , 
2019/6/2, 59, 43, , , , 
2019/6/3, 57, 39, , , , 
2019/6/4, 65, 33, , , , 
2019/6/5, 78, 26, , , , 
2019/6/6, 70, 23, , , , 
2019/6/7, 33, 35, , , , 
2019/6/8, 43, 39, , , , 
2019/6/9, 63, 29, , , , 
2019/6/10, 61, 32, , , , 
2019/6/11, 66, 27, , , , 
2019/6/12, 47, 20, , , , 
2019/6/13, 81, 19, , , , 
2019/6/14, 55, 19, , , , 
2019/6/15, 44, 24, , , , 
2019/6/16, 39, 20, , , , 
2019/6/17, 54, 19, , , , 
2019/6/18, 34, 40, , , , 
2019/6/19, 40, 50, , , , 
2019/6/20, 66, 44, , , , 
2019/6/21, 64, 58, , , , 
2019/6/22, 75, 56, , , , 
2019/6/23, 100, 36, , , , 
2019/6/24, 63, 19, , , , 
2019/6/25, 47, 30, , , , 
2019/6/26, 42, 35, , , , 
2019/6/27, 43, 35, , , , 
2019/6/28, 53, 25, , , , 
2019/6/29, 67, 18, , , , 
2019/1/1, 36, 65, , , , 
2019/1/2, 40, 72, , , , 
2019/1/3, 68, 57, , , , 
2019/1/4, 66, 34, , , , 
2019/1/5, 59, 27, , , , 
2019/1/6, 40, 28, , , , 
2019/1/7, 37, 24, , , , 
2019/1/8, 30, 30, , , , 
2019/1/9, 20, 32, , , , 
2019/1/10, 26, 31, , , , 
2019/1/11, 29, 28, , , , 
2019/1/12, 26, 25, , , , 
2019/1/13, 24, 33, , , , 
2019/1/14, 24, 38, , , , 
2019/1/15, 26, 35, , , , 
2019/1/16, 37, 29, , , , 
2019/1/17, 32, 42, , , , 
2019/1/18, 44, 38, , , , 
2019/1/19, 61, 31, , , , 
2019/1/20, 47, 31, , , , 
2019/1/21, 47, 37, , , , 
2019/1/22, 44, 39, , , , 
2019/1/23, 47, 38, , , , 
2019/1/24, 52, 35, , , , 
2019/1/25, 49, 45, , , , 
2019/1/26, 55, 43, , , , 
2019/1/27, 60, 42, , , , 
2019/1/28, 55, 36, , , , 
2019/1/29, 58, 27, , , , 
2019/1/30, 39, 33, , , , 
2019/1/31, 49, 43, , , , 
2019/2/1, 54, 41, , , , 
2019/2/2, 46, 32, , , , 
2019/2/3, 48, 30, , , , 
2019/2/4, 40, 28, , , , 
2019/2/5, 42, 34, , , , 
2019/2/6, 49, 37, , , , 
2019/2/7, 64, 34, , , , 
2019/2/8, 50, 41, , , , 
2019/2/9, 53, 10, , , , 
2019/2/10, 25, 1, , , , 
2019/2/11, 59, 21, , , , 
2019/2/12, 48, 33, , , , 
2019/2/13, 39, 39, , , , 
2019/2/14, 35, , , , , 
2019/2/19, 54, 24, , , , 
2019/2/20, 58, 15, , , , 
2019/2/21, 47, 24, , , , 
2019/2/22, 24, 32, , , , 
2019/2/23, 29, 32, , , , 
2019/2/24, 37, 34, , , , 
2019/2/25, 45, 37, , , , 
2019/2/26, 41, 40, , , , 
2019/2/27, 51, 41, , , , 
2019/2/28, 65, 28, , , , 
2019/3/1, 43, 34, , , , 
2019/3/2, 51, 30, , , , 
2019/3/3, 51, 31, , , , 
2019/3/4, 40, 39, , , , 
2019/3/5, 35, 45, , , , 
2019/3/6, 43, 28, , , , 
2019/3/7, 38, 25, , , , 
2019/3/8, 33, 31, , , , 
2019/3/9, 31, 24, , , , 
2019/3/10, 40, 29, , , , 
2019/3/11, 32, 35, , , , 
2019/3/12, 38, 35, , , , 
2019/3/13, 55, 36, , , , 
2019/3/14, 66, 37, , , , 
2019/3/15, 56, 32, , , , 
2019/3/16, 45, 28, , , , 
2019/3/17, 45, 37, , , , 
2019/3/18, 37, 51, , , , 
2019/3/19, 40, 56, , , , 
2019/3/20, 42, 50, , , , 
2019/3/21, 60, 48, , , , 
2019/3/22, 64, 39, , , , 
2019/3/23, 73, 36, , , , 
2019/3/24, 70, 35, , , , 
2019/3/25, 63, 30, , , , 
2019/3/26, 67, 25, , , , 
2019/3/27, 62, 23, , , , 
2019/3/28, 58, 29, , , , 
2019/3/29, 51, 35, , , , 
2019/3/30, 71, 22, , , , 
2019/3/31, 72, 23, , , , 
2018/10/1, 34, 36, , , , 
2018/10/2, 36, 40, , , , 
2018/10/3, 44, 44, , , , 
2018/10/4, 53, 40, , , , 
2018/10/5, 52, 29, , , , 
2018/10/6, 49, 30, , , , 
2018/10/7, 52, 19, , , , 
2018/10/8, 42, 25, , , , 
2018/10/9, 35, 37, , , , 
2018/10/10, 33, 41, , , , 
2018/10/11, 43, 33, , , , 
2018/10/12, 37, 28, , , , 
2018/10/13, 34, 26, , , , 
2018/10/14, 30, 31, , , , 
2018/10/15, 34, 19, , , , 
2018/10/16, 34, 12, , , , 
2018/10/17, 32, 19, , , , 
2018/10/18, 28, 24, , , , 
2018/10/19, 19, 29, , , , 
2018/10/20, 9, 43, , , , 
2018/10/21, 7, 47, , , , 
2018/10/22, 12, 38, , , , 
2018/10/23, 18, 33, , , , 
2018/10/24, 28, 35, , , , 
2018/10/25, 30, 51, , , , 
2018/10/26, 27, 90, , , , 
2018/10/27, 34, 71, , , , 
2018/10/28, 33, 71, , , , 
2018/10/29, 41, 56, , , , 
2018/10/30, 37, 36, , , , 
2018/10/31, 24, 18, , , , 
2018/11/1, 21, 22, , , , 
2018/11/2, 26, 23, , , , 
2018/11/3, 27, 21, , , , 
2018/11/4, 27, 37, , , , 
2018/11/5, 25, 54, , , , 
2018/11/6, 44, 51, , , , 
2018/11/7, 50, 43, , , , 
2018/11/8, 57, 35, , , , 
2018/11/9, 37, 24, , , , 
2018/11/10, 32, 17, , , , 
2018/11/11, 29, 24, , , , 
2018/11/12, 23, 28, , , , 
2018/11/13, 27, 42, , , , 
2018/11/14, 21, 40, , , , 
2018/11/15, 27, 30, , , , 
2018/11/16, 24, 27, , , , 
2018/11/17, 23, 39, , , , 
2018/11/18, 22, 46, , , , 
2018/11/19, 42, 39, , , , 
2018/11/20, 38, 32, , , , 
2018/11/21, 28, 30, , , , 
2018/11/22, 24, 38, , , , 
2018/11/23, 28, , , , , 
2018/11/26, 42, 43, , , , 
2018/11/27, 39, 38, , , , 
2018/11/28, 39, 32, , , , 
2018/11/29, 35, 35, , , , 
2018/11/30, 44, 35, , , , 
2018/12/1, 62, 29, , , , 
2018/12/2, 47, 23, , , , 
2018/12/3, 35, 22, , , , 
2018/12/4, 31, 38, , , , 
2018/12/5, 26, 41, , , , 
2018/12/6, 41, 29, , , , 
2018/12/7, 41, 24, , , , 
2018/12/8, 29, 25, , , , 
2018/12/9, 30, 32, , , , 
2018/12/10, 28, 44, , , , 
2018/12/11, 33, 42, , , , 
2018/12/12, 24, 34, , , , 
2018/12/13, 21, 41, , , , 
2018/12/14, 25, 50, , , , 
2018/12/15, 31, 42, , , , 
2018/12/16, 59, 32, , , , 
2018/12/17, 43, 37, , , , 
2018/12/18, 41, 39, , , , 
2018/12/19, 55, 37, , , , 
2018/12/20, 39, 36, , , , 
2018/12/21, 32, 28, , , , 
2018/12/22, 48, 27, , , , 
2018/12/23, 28, 41, , , , 
2018/12/24, 57, 30, , , , 
2018/12/25, 56, 31, , , , 
2018/12/26, 40, 34, , , , 
2018/12/27, 27, 37, , , , 
2018/12/28, 29, 40, , , , 
2018/12/29, 33, 38, , , , 
2018/12/30, 22, , , , , 
2018/7/1, 59, 21, , , , 
2018/7/2, 58, 23, , , , 
2018/7/3, 44, 21, , , , 
2018/7/4, 29, 20, , , , 
2018/7/5, 24, 27, , , , 
2018/7/6, 27, 26, , , , 
2018/7/7, 42, 37, , , , 
2018/7/8, 53, 32, , , , 
2018/7/9, 71, 31, , , , 
2018/7/10, 67, 32, , , , 
2018/7/11, 58, 56, , , , 
2018/7/12, 80, 52, , , , 
2018/7/13, 96, 41, , , , 
2018/7/14, 91, 23, , , , 
2018/7/15, 57, 29, , , , 
2018/7/16, 58, 23, , , , 
2018/7/17, 49, 21, , , , 
2018/7/18, 36, 22, , , , 
2018/7/19, 42, 28, , , , 
2018/7/20, 50, 36, , , , 
2018/7/21, 58, 27, , , , 
2018/7/22, 55, 34, , , , 
2018/7/23, 35, 46, , , , 
2018/7/24, 63, 46, , , , 
2018/7/25, 59, 46, , , , 
2018/7/26, 87, 43, , , , 
2018/7/27, 82, 27, , , , 
2018/7/28, 61, 25, , , , 
2018/7/29, 49, 34, , , , 
2018/7/30, 49, 41, , , , 
2018/7/31, 58, 43, , , , 
2018/8/1, 70, 45, , , , 
2018/8/2, 89, 37, , , , 
2018/8/3, 72, 40, , , , 
2018/8/4, 66, 47, , , , 
2018/8/5, 79, 45, , , , 
2018/8/6, 78, 27, , , , 
2018/8/7, 60, 30, , , , 
2018/8/8, 27, 38, , , , 
2018/8/9, 52, 42, , , , 
2018/8/10, 78, 48, , , , 
2018/8/11, 98, 46, , , , 
2018/8/12, 99, 26, , , , 
2018/8/13, 61, 30, , , , 
2018/8/14, 29, 37, , , , 
2018/8/15, 48, 44, , , , 
2018/8/16, 69, 41, , , , 
2018/8/17, 68, 37, , , , 
2018/8/18, 62, 30, , , , 
2018/8/19, 33, 37, , , , 
2018/8/20, 45, 39, , , , 
2018/8/21, 61, 48, , , , 
2018/8/22, 85, , , , , 
2018/8/25, 9, 33, , , , 
2018/8/26, 41, 31, , , , 
2018/8/27, 60, 28, , , , 
2018/8/28, 58, 32, , , , 
2018/8/29, 66, 43, , , , 
2018/8/30, 76, 31, , , , 
2018/8/31, 58, 25, , , , 
2018/9/1, 60, 27, , , , 
2018/9/2, 53, 31, , , , 
2018/9/3, 34, 41, , , , 
2018/9/4, 46, 34, , , , 
2018/9/5, 55, 34, , , , 
2018/9/6, 40, 47, , , , 
2018/9/7, 44, 42, , , , 
2018/9/8, 45, 48, , , , 
2018/9/9, 55, 49, , , , 
2018/9/10, 64, 50, , , , 
2018/9/11, 64, 43, , , , 
2018/9/12, 56, 41, , , , 
2018/9/13, 45, 40, , , , 
2018/9/14, 52, 28, , , , 
2018/9/15, 41, 23, , , , 
2018/9/16, 37, 23, , , , 
2018/9/17, 31, 24, , , , 
2018/9/18, 35, 23, , , , 
2018/9/19, 34, 29, , , , 
2018/9/20, 41, 36, , , , 
2018/9/21, 50, 26, , , , 
2018/9/22, 57, 22, , , , 
2018/9/23, 47, 25, , , , 
2018/9/24, 25, 33, , , , 
2018/9/25, 40, 36, , , , 
2018/9/26, 50, 35, , , , 
2018/9/27, 51, 29, , , , 
2018/9/28, 49, 19, , , , 
2018/9/29, 48, 17, , , , 
2018/9/30, 35, 27, , , , 
2018/4/1, 42, 19, , , , 
2018/4/2, 41, 31, , , , 
2018/4/3, 35, 35, , , , 
2018/4/4, 57, 35, , , , 
2018/4/5, 60, 40, , , , 
2018/4/6, 51, 38, , , , 
2018/4/7, 46, 24, , , , 
2018/4/8, 35, 26, , , , 
2018/4/9, 33, 23, , , , 
2018/4/10, 37, 18, , , , 
2018/4/11, 20, 25, , , , 
2018/4/12, 23, 28, , , , 
2018/4/13, 33, 28, , , , 
2018/4/14, 34, 35, , , , 
2018/4/15, 56, 38, , , , 
2018/4/16, 82, 42, , , , 
2018/4/17, 57, 42, , , , 
2018/4/18, 49, 40, , , , 
2018/4/19, 51, 43, , , , 
2018/4/20, 64, 42, , , , 
2018/4/21, 66, 31, , , , 
2018/4/22, 62, 41, , , , 
2018/4/23, 40, 43, , , , 
2018/4/24, 54, 43, , , , 
2018/4/25, 55, 41, , , , 
2018/4/26, 60, 41, , , , 
2018/4/27, 46, 43, , , , 
2018/4/28, 49, 32, , , , 
2018/4/29, 57, 36, , , , 
2018/4/30, 56, 37, , , , 
2018/5/1, 74, 32, , , , 
2018/5/2, 59, 34, , , , 
2018/5/3, 34, 38, , , , 
2018/5/4, 51, 35, , , , 
2018/5/5, 73, 25, , , , 
2018/5/6, 67, 20, , , , 
2018/5/7, 44, 21, , , , 
2018/5/8, 39, 29, , , , 
2018/5/9, 53, 26, , , , 
2018/5/10, 52, 43, , , , 
2018/5/11, 39, 49, , , , 
2018/5/12, 76, 46, , , , 
2018/5/13, 87, 34, , , , 
2018/5/14, 68, 39, , , , 
2018/5/15, 43, 52, , , , 
2018/5/16, 60, 37, , , , 
2018/5/17, 45, 39, , , , 
2018/5/18, 30, 50, , , , 
2018/5/19, 49, 47, , , , 
2018/5/20, 58, 40, , , , 
2018/5/21, 59, 40, , , , 
2018/5/22, 56, 53, , , , 
2018/5/23, 77, 62, , , , 
2018/5/24, 98, 60, , , , 
2018/5/25, 117, 48, , , , 
2018/5/26, 108, 49, , , , 
2018/5/27, 75, 48, , , , 
2018/5/28, 88, 31, , , , 
2018/5/29, 62, 19, , , , 
2018/5/30, 33, 17, , , , 
2018/5/31, 24, 28, , , , 
2018/6/1, 35, 33, , , , 
2018/6/2, 58, 31, , , , 
2018/6/3, 66, 35, , , , 
2018/6/4, 52, 47, , , , 
2018/6/5, 75, 39, , , , 
2018/6/6, 67, 37, , , , 
2018/6/7, 52, 50, , , , 
2018/6/8, 61, 46, , , , 
2018/6/9, 71, 19, , , , 
2018/6/10, 35, 16, , , , 
2018/6/11, 27, 21, , , , 
2018/6/12, 46, 30, , , , 
2018/6/13, 38, 41, , , , 
2018/6/14, 55, 55, , , , 
2018/6/15, 78, 55, , , , 
2018/6/16, 89, 47, , , , 
2018/6/17, 99, 40, , , , 
2018/6/18, 103, 34, , , , 
2018/6/19, 83, 44, , , , 
2018/6/20, 81, 48, , , , 
2018/6/21, 100, 36, , , , 
2018/6/22, 58, 46, , , , 
2018/6/23, 62, 50, , , , 
2018/6/24, 107, 39, , , , 
2018/6/25, 78, 46, , , , 
2018/6/26, 88, 48, , , , 
2018/6/27, 80, 41, , , , 
2018/6/28, 59, 29, , , , 
2018/6/29, 56, 30, , , , 
2018/6/30, 73, 26, , , , 
2018/1/1, 43, 34, , , , 
2018/1/2, 41, 36, , , , 
2018/1/3, 35, 34, , , , 
2018/1/4, 31, 44, , , , 
2018/1/5, 24, 55, , , , 
2018/1/6, 40, 48, , , , 
2018/1/7, 54, 31, , , , 
2018/1/8, 34, 30, , , , 
2018/1/9, 30, 30, , , , 
2018/1/10, 36, 25, , , , 
2018/1/11, 33, 27, , , , 
2018/1/12, 29, 24, , , , 
2018/1/13, 28, 27, , , , 
2018/1/14, 36, 40, , , , 
2018/1/15, 32, 44, , , , 
2018/1/16, 33, 47, , , , 
2018/1/17, 39, 42, , , , 
2018/1/18, 40, 28, , , , 
2018/1/19, 46, 17, , , , 
2018/1/20, 35, 18, , , , 
2018/1/21, 31, 25, , , , 
2018/1/22, 27, 25, , , , 
2018/1/23, 44, 34, , , , 
2018/1/24, 41, 39, , , , 
2018/1/25, 51, 43, , , , 
2018/1/26, 40, 47, , , , 
2018/1/27, 36, 55, , , , 
2018/1/28, 37, 47, , , , 
2018/1/29, 50, 36, , , , 
2018/1/30, 42, 37, , , , 
2018/1/31, 45, 39, , , , 
2018/2/1, 49, 33, , , , 
2018/2/2, 50, 28, , , , 
2018/2/3, 47, 31, , , , 
2018/2/4, 44, 22, , , , 
2018/2/5, 50, 21, , , , 
2018/2/6, 38, 28, , , , 
2018/2/7, 27, 32, , , , 
2018/2/8, 34, 32, , , , 
2018/2/9, 36, 38, , , , 
2018/2/10, 30, 48, , , , 
2018/2/11, 49, 44, , , , 
2018/2/12, 50, 43, , , , 
2018/2/13, 56, 35, , , , 
2018/2/14, 48, 30, , , , 
2018/2/15, 56, 29, , , , 
2018/2/16, 54, 27, , , , 
2018/2/17, 46, 22, , , , 
2018/2/18, 35, 20, , , , 
2018/2/19, 35, 29, , , , 
2018/2/20, 29, 32, , , , 
2018/2/21, 45, 31, , , , 
2018/2/22, 34, 25, , , , 
2018/2/23, 30, 23, 24, 21, 10, 7
2018/2/24, 33, 21, 35, 12, 12, 4
2018/2/25, 28, 23, 32, 13, 10, 4
2018/3/2, 32, 21, , , , 
2018/3/3, 30, 23, , , , 
2018/3/4, 28, 34, , , , 
2018/3/5, 37, 40, , , , 
2018/3/6, 49, 33, , , , 
2018/3/7, 48, 26, , , , 
2018/3/8, 39, 26, , , , 
2018/3/9, 35, 40, , , , 
2018/3/10, 34, 58, , , , 
2018/3/11, 49, 56, , , , 
2018/3/12, 51, 45, , , , 
2018/3/13, 40, 50, , , , 
2018/3/14, 40, 45, , , , 
2018/3/15, 40, 33, , , , 
2018/3/16, 38, 25, , , , 
2018/3/17, 28, 17, , , , 
2018/3/18, 23, 27, , , , 
2018/3/19, 29, 28, , , , 
2018/3/20, 34, 29, , , , 
2018/3/21, 47, 26, , , , 
2018/3/22, 31, 31, , , , 
2018/3/23, 26, 45, , , , 
2018/3/24, 34, 51, , , , 
2018/3/25, 45, 41, , , , 
2018/3/26, 51, 35, , , , 
2018/3/27, 43, 37, , , , 
2018/3/28, 51, 41, , , , 
2018/3/29, 58, 49, , , , 
2018/3/30, 60, 35, , , , 
2018/3/31, 54, 25, , , , 
2017/10/1, 38, 31, , , , 
2017/10/2, 26, 30, , , , 
2017/10/3, 34, 31, , , , 
2017/10/4, 36, 18, , , , 
2017/10/5, 25, 38, , , , 
2017/10/6, 27, 31, , , , 
2017/10/7, 43, 14, , , , 
2017/10/8, 18, 18, , , , 
2017/10/9, 12, 31, , , , 
2017/10/10, 22, 29, , , , 
2017/10/11, 22, 41, , , , 
2017/10/12, 18, 45, , , , 
2017/10/13, 29, 41, , , , 
2017/10/14, 47, 35, , , , 
2017/10/15, 56, 26, , , , 
2017/10/16, 42, 25, , , , 
2017/10/17, 27, 39, , , , 
2017/10/18, 26, 45, , , , 
2017/10/19, 27, 44, , , , 
2017/10/20, 41, 41, , , , 
2017/10/21, 39, 39, , , , 
2017/10/22, 47, 34, , , , 
2017/10/23, 43, 32, , , , 
2017/10/24, 30, 31, , , , 
2017/10/25, 28, 28, , , , 
2017/10/26, 28, 29, , , , 
2017/10/27, 33, 21, , , , 
2017/10/28, 45, 17, , , , 
2017/10/30, 38, 25, , , , 
2017/10/31, 27, 27, , , , 
2017/11/1, 24, 21, , , , 
2017/11/2, 28, 28, , , , 
2017/11/3, 21, 25, , , , 
2017/11/4, 21, 29, , , , 
2017/11/5, 26, 25, , , , 
2017/11/6, 35, 29, , , , 
2017/11/7, 33, 36, , , , 
2017/11/8, 37, 47, , , , 
2017/11/9, 51, 53, , , , 
2017/11/10, 36, 46, , , , 
2017/11/11, 47, 33, , , , 
2017/11/12, 50, 28, , , , 
2017/11/13, 40, 19, , , , 
2017/11/14, 22, 49, , , , 
2017/11/15, 23, 44, , , , 
2017/11/16, 25, 38, , , , 
2017/11/17, 13, 42, , , , 
2017/11/18, 32, 36, , , , 
2017/11/19, 40, 32, , , , 
2017/11/20, 28, 43, , , , 
2017/11/21, 27, 39, , , , 
2017/11/23, 48, 35, , , , 
2017/11/24, 47, 41, , , , 
2017/11/25, 34, 37, , , , 
2017/11/26, 43, 23, , , , 
2017/11/27, 28, 25, , , , 
2017/11/28, 41, 28, , , , 
2017/11/29, 33, 37, , , , 
2017/11/30, 33, 37, , , , 
2017/12/1, 46, 33, , , , 
2017/12/2, 36, 28, , , , 
2017/12/3, 30, 31, , , , 
2017/12/4, 27, 29, , , , 
2017/12/5, 42, 28, , , , 
2017/12/6, 41, 35, , , , 
2017/12/7, 48, 32, , , , 
2017/12/8, 46, 39, , , , 
2017/12/9, 29, 43, , , , 
2017/12/10, 49, 33, , , , 
2017/12/11, 40, 24, , , , 
2017/12/12, 28, 25, , , , 
2017/12/13, 21, 35, , , , 
2017/12/14, 22, 49, , , , 
2017/12/15, 44, 30, , , , 
2017/12/16, 42, 32, , , , 
2017/12/17, 24, 43, , , , 
2017/12/18, 37, 47, , , , 
2017/12/19, 44, 46, , , , 
2017/12/20, 53, 41, , , , 
2017/12/21, 37, 47, , , , 
2017/12/22, 37, 47, , , , 
2017/12/23, 41, 43, , , , 
2017/12/24, 41, 38, , , , 
2017/12/25, 48, 22, , , , 
2017/12/26, 33, 31, , , , 
2017/12/27, 27, 31, , , , 
2017/12/28, 24, 29, , , , 
2017/12/29, 33, 27, , , , 
2017/12/30, 32, 39, , , , 
2017/12/31, 30, 39, , , , 
2017/7/1, 56, 34, , , , 
2017/7/2, 56, 27, , , , 
2017/7/3, 31, 25, , , , 
2017/7/4, 20, 30, , , , 
2017/7/5, 21, 47, , , , 
2017/7/8, 59, 40, , , , 
2017/7/9, 62, 40, , , , 
2017/7/10, 58, 44, , , , 
2017/7/11, 57, 40, , , , 
2017/7/13, 30, 29, , , , 
2017/7/14, 19, 23, , , , 
2017/7/15, 18, 18, , , , 
2017/7/16, 15, 37, , , , 
2017/7/17, 25, 51, , , , 
2017/7/18, 58, 57, , , , 
2017/7/20, 76, 44, , , , 
2017/7/21, 53, 34, , , , 
2017/7/22, 42, 31, , , , 
2017/7/23, 34, 27, , , , 
2017/7/24, 29, 35, , , , 
2017/7/25, 35, 48, , , , 
2017/7/26, 53, 50, , , , 
2017/7/27, 71, 42, , , , 
2017/7/28, 57, 36, , , , 
2017/7/29, 44, 38, , , , 
2017/7/30, 48, 47, , , , 
2017/7/31, 68, 42, , , , 
2017/8/1, 69, 42, , , , 
2017/8/2, 45, 45, , , , 
2017/8/3, 70, 36, , , , 
2017/8/4, 60, 26, , , , 
2017/8/5, 39, 35, , , , 
2017/8/6, 42, 31, , , , 
2017/8/7, 49, 35, , , , 
2017/8/8, 55, 37, , , , 
2017/8/9, 67, 23, , , , 
2017/8/10, 27, 16, , , , 
2017/8/11, 29, 20, , , , 
2017/8/12, 33, 25, , , , 
2017/8/13, 65, 27, , , , 
2017/8/14, 58, 25, , , , 
2017/8/15, 38, 35, , , , 
2017/8/16, 48, 41, , , , 
2017/8/17, 54, 29, , , , 
2017/8/18, 51, 15, , , , 
2017/8/19, 43, 21, , , , 
2017/8/20, 31, 35, , , , 
2017/8/21, 41, 33, , , , 
2017/8/22, 54, 29, , , , 
2017/8/23, 31, 31, , , , 
2017/8/24, 34, 28, , , , 
2017/8/25, 29, 31, , , , 
2017/8/26, 32, 27, , , , 
2017/8/27, 42, 24, , , , 
2017/8/28, 33, 22, , , , 
2017/8/29, 35, 33, , , , 
2017/8/30, 30, 31, , , , 
2017/8/31, 41, 24, , , , 
2017/9/1, 32, 25, , , , 
2017/9/2, 34, 22, , , , 
2017/9/3, 34, 30, , , , 
2017/9/4, 30, 36, , , , 
2017/9/5, 32, , , , , 
2017/9/10, 41, 31, , , , 
2017/9/11, 32, 32, , , , 
2017/9/12, 46, 32, , , , 
2017/9/13, 34, 37, , , , 
2017/9/14, 41, 42, , , , 
2017/9/15, 34, 39, , , , 
2017/9/16, 47, 38, , , , 
2017/9/17, 69, 28, , , , 
2017/9/18, 59, 23, , , , 
2017/9/19, 38, 31, , , , 
2017/9/20, 34, 35, , , , 
2017/9/21, 29, 44, , , , 
2017/9/22, 32, 42, , , , 
2017/9/23, 50, 28, , , , 
2017/9/24, 43, 40, , , , 
2017/9/25, 33, 48, , , , 
2017/9/26, 45, 47, , , , 
2017/9/27, 54, 46, , , , 
2017/9/28, 65, 45, , , , 
2017/9/29, 64, 29, , , , 
2017/9/30, 49, 22, , , , 
2017/4/1, 25, 39, , , , 
2017/4/2, 10, 42, , , , 
2017/4/3, 8, 36, , , , 
2017/4/4, 15, 48, , , , 
2017/4/5, 22, 49, , , , 
2017/4/6, 28, 33, , , , 
2017/4/7, 19, 22, , , , 
2017/4/8, 10, 24, , , , 
2017/4/9, 11, 36, , , , 
2017/4/10, 19, 39, , , , 
2017/4/11, 38, 42, , , , 
2017/4/12, 49, 37, , , , 
2017/4/13, 34, 31, , , , 
2017/4/14, 30, 32, , , , 
2017/4/15, 23, 39, , , , 
2017/4/16, 44, 37, , , , 
2017/4/17, 46, 37, , , , 
2017/4/18, 26, 33, , , , 
2017/4/19, 24, 32, , , , 
2017/4/20, 23, 40, , , , 
2017/4/21, 23, 43, , , , 
2017/4/22, 25, 40, , , , 
2017/4/23, 26, 39, , , , 
2017/4/24, 19, 42, , , , 
2017/4/25, 22, 48, , , , 
2017/4/26, 20, 53, , , , 
2017/4/27, 35, 57, , , , 
2017/4/28, 48, 57, , , , 
2017/4/29, 57, 49, , , , 
2017/4/30, 57, 37, , , , 
2017/5/1, 50, 46, , , , 
2017/5/2, 48, 56, , , , 
2017/5/3, 49, 52, , , , 
2017/5/4, 54, 47, , , , 
2017/5/5, 62, 43, , , , 
2017/5/6, 51, 33, , , , 
2017/5/7, 20, 28, , , , 
2017/5/8, 24, 36, , , , 
2017/5/9, 34, 32, , , , 
2017/5/10, 48, 20, , , , 
2017/5/11, 19, 25, , , , 
2017/5/12, 17, 36, , , , 
2017/5/13, 28, 27, , , , 
2017/5/14, 18, 34, , , , 
2017/5/15, 19, 41, , , , 
2017/5/16, 43, 34, , , , 
2017/5/17, 28, 25, , , , 
2017/5/18, 19, 25, , , , 
2017/5/19, 22, 39, , , , 
2017/5/20, 29, 42, , , , 
2017/5/21, 56, 41, , , , 
2017/5/22, 44, 49, , , , 
2017/5/23, 55, 50, , , , 
2017/5/24, 66, 49, , , , 
2017/5/25, 77, 40, , , , 
2017/5/26, 40, 44, , , , 
2017/5/27, 61, 38, , , , 
2017/5/28, 63, 35, , , , 
2017/5/29, 50, 46, , , , 
2017/5/30, 68, 55, , , , 
2017/5/31, 82, 52, , , , 
2017/6/1, 83, 43, , , , 
2017/6/2, 62, 35, , , , 
2017/6/3, 48, 27, , , , 
2017/6/4, 30, 34, , , , 
2017/6/5, 35, 43, , , , 
2017/6/6, 54, 53, , , , 
2017/6/7, 70, 41, , , , 
2017/6/8, 74, 33, , , , 
2017/6/9, 35, 37, , , , 
2017/6/10, 49, 38, , , , 
2017/6/11, 51, 42, , , , 
2017/6/12, 67, 43, , , , 
2017/6/13, 76, 38, , , , 
2017/6/14, 57, 39, , , , 
2017/6/15, 41, 25, , , , 
2017/6/16, 47, 23, , , , 
2017/6/17, 50, 20, , , , 
2017/6/18, 14, 42, , , , 
2017/6/19, 32, 53, , , , 
2017/6/20, 61, 48, , , , 
2017/6/21, 63, 30, , , , 
2017/6/22, 26, 24, , , , 
2017/6/23, 34, 33, , , , 
2017/6/24, 33, 30, , , , 
2017/6/25, 36, 23, , , , 
2017/6/26, 37, 30, , , , 
2017/6/27, 34, 40, , , , 
2017/6/28, 32, 41, , , , 
2017/6/29, 56, 45, , , , 
2017/6/30, 51, 45, , , , 
2017/1/2, 64, 53, , , , 
2017/1/3, 77, 57, , , , 
2017/1/4, 65, 49, , , , 
2017/1/5, 77, 35, , , , 
2017/1/6, 93, 33, , , , 
2017/1/7, 135, 28, , , , 
2017/1/8, 138, 24, , , , 
2017/1/9, 126, 9, , , , 
2017/1/10, 66, 5, , , , 
2017/1/11, 71, 28, , , , 
2017/1/12, 95, 48, , , , 
2017/1/13, 117, 50, , , , 
2017/1/14, 82, 46, , , , 
2017/1/15, 73, 42, , , , 
2017/1/16, 111, 56, , , , 
2017/1/17, 111, 56, , , , 
2017/1/18, 77, 48, , , , 
2017/1/19, 118, 47, , , , 
2017/1/20, 59, 51, , , , 
2017/1/21, 65, 45, , , , 
2017/1/22, 68, 49, , , , 
2017/1/23, 65, 75, , , , 
2017/1/24, 73, 73, , , , 
2017/1/25, 102, 55, , , , 
2017/1/26, 73, 49, , , , 
2017/1/27, 57, 46, , , , 
2017/1/28, 18, 47, , , , 
2017/1/29, 5, 53, , , , 
2017/1/30, 11, 59, , , , 
2017/1/31, 78, 61, , , , 
2017/2/1, 91, 55, , , , 
2017/2/2, 79, 36, , , , 
2017/2/3, 28, 31, , , , 
2017/2/4, 10, 36, , , , 
2017/2/5, 16, 42, , , , 
2017/2/6, 29, 37, , , , 
2017/2/7, 35, 40, , , , 
2017/2/8, 29, 40, , , , 
2017/2/9, 21, 45, , , , 
2017/2/10, 23, 36, , , , 
2017/2/11, 28, 38, , , , 
2017/2/12, 35, 35, , , , 
2017/2/13, 35, 34, , , , 
2017/2/14, 21, 33, , , , 
2017/2/15, 26, 36, , , , 
2017/2/16, 22, 32, , , , 
2017/2/17, 19, 37, , , , 
2017/2/18, 14, 39, , , , 
2017/2/19, 14, 37, , , , 
2017/2/20, 15, 32, , , , 
2017/2/21, 16, 35, , , , 
2017/2/22, 24, 31, , , , 
2017/2/23, 23, 24, , , , 
2017/2/24, 13, 26, , , , 
2017/2/25, 15, 31, , , , 
2017/2/26, 20, 28, , , , 
2017/2/27, 13, 27, , , , 
2017/2/28, 13, 28, , , , 
2017/3/1, 14, 35, , , , 
2017/3/2, 12, 43, , , , 
2017/3/3, 15, 43, , , , 
2017/3/4, 15, 43, , , , 
2017/3/5, 17, 44, , , , 
2017/3/6, 19, 44, , , , 
2017/3/7, 26, 35, , , , 
2017/3/8, 26, 52, , , , 
2017/3/9, 19, 55, , , , 
2017/3/10, 18, 57, , , , 
2017/3/11, 17, 54, , , , 
2017/3/12, 20, 62, , , , 
2017/3/13, 72, 39, , , , 
2017/3/14, 36, 40, , , , 
2017/3/15, 21, 41, , , , 
2017/3/16, 35, 34, , , , 
2017/3/17, 43, 43, , , , 
2017/3/18, 54, 42, , , , 
2017/3/19, 48, 48, , , , 
2017/3/20, 49, 34, , , , 
2017/3/21, 30, 33, , , , 
2017/3/22, 30, 31, , , , 
2017/3/23, 36, 32, , , , 
2017/3/24, 31, 34, , , , 
2017/3/25, 31, 26, , , , 
2017/3/26, 22, 33, , , , 
2017/3/27, 14, 32, , , , 
2017/3/28, 15, 34, , , , 
2017/3/29, 16, 39, , , , 
2017/3/30, 16, 36, , , , 
2017/3/31, 14, 35, , , , 
2016/10/1, 75, 27, 17, , , 
2016/10/2, 69, 32, 11, , , 
2016/10/3, 76, 39, , , , 
2016/10/4, 49, 53, , , , 
2016/10/5, 18, 47, , , , 
2016/10/6, 35, 34, , , , 
2016/10/7, 38, 43, , , , 
2016/10/8, 44, 41, , , , 
2016/10/9, 49, 35, , , , 
2016/10/10, 66, 45, , , , 
2016/10/11, 66, 42, , , , 
2016/10/12, 54, 30, , , , 
2016/10/13, 44, 27, , , , 
2016/10/14, 46, 22, , , , 
2016/10/15, 60, 23, , , , 
2016/10/16, 66, 22, , , , 
2016/10/17, 53, 18, , , , 
2016/10/18, 160, 21, , , , 
2016/10/19, 50, 33, , , , 
2016/10/20, 25, 34, , , , 
2016/10/21, 57, 26, , , , 
2016/10/22, 88, 25, , , , 
2016/10/23, 114, 25, , , , 
2016/10/24, 79, 35, , , , 
2016/10/25, 64, 43, , , , 
2016/10/26, 56, 45, , , , 
2016/10/27, 61, 33, , , , 
2016/10/28, 72, 36, , , , 
2016/10/29, 70, 29, , , , 
2016/10/30, 68, 24, , , , 
2016/10/31, 55, 18, , , , 
2016/11/1, 47, 30, , , , 
2016/11/2, 36, 49, , , , 
2016/11/3, 68, 48, , , , 
2016/11/4, 95, 33, , , , 
2016/11/5, 95, 29, , , , 
2016/11/6, 69, 36, , , , 
2016/11/7, 66, 38, , , , 
2016/11/8, 79, 43, , , , 
2016/11/9, 70, 47, , , , 
2016/11/10, 70, 44, , , , 
2016/11/11, 123, 38, , , , 
2016/11/12, 72, 31, , , , 
2016/11/13, 60, 30, , , , 
2016/11/14, 64, 32, , , , 
2016/11/15, 61, 48, , , , 
2016/11/16, 50, 58, , , , 
2016/11/17, 55, 53, , , , 
2016/11/18, 66, 41, , , , 
2016/11/19, 63, 31, , , , 
2016/11/20, 78, 28, , , , 
2016/11/21, 60, 26, , , , 
2016/11/22, 57, 24, , , , 
2016/11/23, 56, 29, , , , 
2016/11/24, 54, 28, , , , 
2016/11/25, 64, 31, , , , 
2016/11/26, 49, 28, , , , 
2016/11/27, 42, 41, , , , 
2016/11/28, 67, 43, , , , 
2016/11/29, 65, 36, , , , 
2016/11/30, 79, 35, , , , 
2016/12/1, 65, 37, , , , 
2016/12/2, 68, 28, , , , 
2016/12/3, 78, 21, , , , 
2016/12/4, 69, 32, , , , 
2016/12/5, 72, 43, , , , 
2016/12/6, 69, 40, , , , 
2016/12/7, 74, 33, , , , 
2016/12/8, 41, 26, , , , 
2016/12/9, 49, 28, , , , 
2016/12/10, 38, 42, , , , 
2016/12/11, 56, 42, , , , 
2016/12/12, 54, 47, , , , 
2016/12/13, 59, 52, , , , 
2016/12/14, 64, 45, , , , 
2016/12/15, 69, 36, , , , 
2016/12/16, 53, 32, , , , 
2016/12/17, 61, 31, , , , 
2016/12/18, 46, 38, , , , 
2016/12/19, 49, 31, , , , 
2016/12/20, 64, 43, , , , 
2016/12/21, 63, 41, , , , 
2016/12/22, 70, 37, , , , 
2016/12/23, 71, 29, , , , 
2016/12/24, 54, 18, , , , 
2016/12/25, 48, 15, , , , 
2016/12/26, 52, 33, , , , 
2016/12/27, 44, 36, , , , 
2016/12/28, 55, 28, , , , 
2016/12/29, 61, 27, , , , 
2016/12/30, 59, 34, , , , 
2016/12/31, 60, 40, , , , 
2017/1/1, 51, 36, , , , 
2016/7/1, 132, 49, 44, , , 
2016/7/2, 90, 30, 4, , , 
2016/7/3, 62, 37, 3, , , 
2016/7/4, 57, 48, 6, , , 
2016/7/5, 73, 49, 7, , , 
2016/7/6, 81, 61, 6, , , 
2016/7/7, 97, 59, 8, , , 
2016/7/8, 107, 56, 12, , , 
2016/7/9, 86, 59, 5, , , 
2016/7/10, 105, 49, 28, , , 
2016/7/11, 81, 47, 3, , , 
2016/7/12, 49, 53, 11, , , 
2016/7/13, 58, 44, 12, , , 
2016/7/14, 45, 41, 5, , , 
2016/7/15, 40, 54, 4, , , 
2016/7/16, 61, 50, 9, , , 
2016/7/17, 82, 42, 10, , , 
2016/7/18, 72, 52, 5, , , 
2016/7/19, 72, 54, 5, , , 
2016/7/20, 61, 58, 5, , , 
2016/7/21, 77, 52, 4, , , 
2016/7/22, 92, 44, 3, , , 
2016/7/23, 85, 42, 6, , , 
2016/7/24, 65, 32, 9, , , 
2016/7/25, 63, 33, 7, , , 
2016/7/26, 62, 45, 6, , , 
2016/7/27, 66, 47, 6, , , 
2016/7/28, 80, 48, 8, , , 
2016/7/29, 78, 51, 8, , , 
2016/7/30, 76, 31, 13, , , 
2016/7/31, 66, 29, 15, , , 
2016/8/1, 73, 39, 8, , , 
2016/8/2, 72, 52, 8, , , 
2016/8/3, 86, 52, 9, , , 
2016/8/4, 98, 35, 12, , , 
2016/8/5, 93, 38, 14, , , 
2016/8/6, 114, 34, 12, , , 
2016/8/7, 68, 29, 10, , , 
2016/8/8, 58, 32, 16, , , 
2016/8/9, 59, 21, 9, , , 
2016/8/10, 77, 43, 15, , , 
2016/8/11, 79, 53, 7, , , 
2016/8/12, 79, 52, 11, , , 
2016/8/13, 82, 41, 9, , , 
2016/8/14, 86, 43, 10, , , 
2016/8/15, 53, 47, 15, , , 
2016/8/16, 65, 35, 16, , , 
2016/8/17, 43, 35, 17, , , 
2016/8/18, 38, 32, 14, , , 
2016/8/19, 54, 34, 17, , , 
2016/8/20, 59, 32, 18, , , 
2016/8/21, 54, 38, 16, , , 
2016/8/22, 51, 31, 18, , , 
2016/8/23, 64, 31, 14, , , 
2016/8/24, 71, 37, 12, , , 
2016/8/25, 64, 34, 14, , , 
2016/8/26, 61, 38, 15, , , 
2016/8/27, 58, 29, 18, , , 
2016/8/28, 62, 37, 21, , , 
2016/8/29, 64, 37, 13, , , 
2016/8/30, 40, 40, 15, , , 
2016/8/31, 50, 38, 16, , , 
2016/9/1, 61, 36, 16, , , 
2016/9/2, 56, 40, 18, , , 
2016/9/3, 68, 40, 20, , , 
2016/9/4, 36, 44, 16, , , 
2016/9/5, 35, 52, 17, , , 
2016/9/6, 95, 54, 21, , , 
2016/9/7, 65, 54, 18, , , 
2016/9/8, 74, 64, 15, , , 
2016/9/9, 77, 53, 19, , , 
2016/9/10, 73, 32, 21, , , 
2016/9/11, 64, 27, 16, , , 
2016/9/12, 58, 37, 17, , , 
2016/9/13, 54, 39, 22, , , 
2016/9/14, 60, 39, 17, , , 
2016/9/15, 54, 45, 13, , , 
2016/9/16, 64, 36, 17, , , 
2016/9/17, 73, 43, 26, , , 
2016/9/18, 59, 47, 21, , , 
2016/9/19, 74, 44, 13, , , 
2016/9/20, 118, 42, 12, , , 
2016/9/21, 95, 44, 14, , , 
2016/9/22, 68, 44, 17, , , 
2016/9/23, 77, 36, 14, , , 
2016/9/24, 53, 30, 21, , , 
2016/9/25, 74, 28, 36, , , 
2016/9/26, 67, 41, 19, , , 
2016/9/27, 83, 34, 15, , , 
2016/9/28, 77, 25, 20, , , 
2016/9/29, 69, 29, 14, , , 
2016/9/30, 63, 34, 17, , , 
2016/4/1, 51, 57, 11, , , 
2016/4/2, 66, 30, 11, , , 
2016/4/3, 48, 30, 13, , , 
2016/4/4, 28, 42, 9, , , 
2016/4/5, 37, 41, 13, , , 
2016/4/6, 76, 40, 5, , , 
2016/4/7, 67, 41, 14, , , 
2016/4/8, 60, 39, 17, , , 
2016/4/9, 53, 47, 16, , , 
2016/4/10, 61, 56, 16, , , 
2016/4/11, 62, 52, 16, , , 
2016/4/12, 60, 55, 6, , , 
2016/4/13, 52, 55, 9, , , 
2016/4/14, 57, 36, 7, , , 
2016/4/15, 66, 31, 5, , , 
2016/4/16, 63, 29, 8, , , 
2016/4/17, 67, 18, 12, , , 
2016/4/18, 62, 28, 1, , , 
2016/4/19, 5, 39, 5, , , 
2016/4/26, 23, 41, 9, , , 
2016/4/27, 40, 40, 12, , , 
2016/4/28, 42, 43, 16, , , 
2016/4/29, 58, 48, 17, , 52, 
2016/4/30, 53, 73, 17, , 40, 
2016/5/1, 86, 64, 7, , 40, 
2016/5/2, 81, 56, 10, , , 
2016/5/3, 78, 51, 10, , , 
2016/5/4, 62, 43, 12, , , 
2016/5/5, 40, 39, 31, , , 
2016/5/6, 37, 40, 2, , , 
2016/5/7, 66, 33, 8, , , 
2016/5/8, 36, 37, 4, , , 
2016/5/9, 33, 46, 2, , , 
2016/5/10, 55, 39, 3, , , 
2016/5/11, 60, 36, 2, , , 
2016/5/12, 44, 48, , , , 
2016/5/13, 58, 45, 3, , , 
2016/5/14, 63, 5, 2, , , 
2016/5/15, 42, 18, 4, , , 
2016/5/16, 61, 34, 6, , , 
2016/5/17, 57, 40, 6, , , 
2016/5/18, 55, 43, 1, , , 
2016/5/19, 57, 49, 1, , , 
2016/5/20, 55, 40, 12, , , 
2016/5/21, 43, 32, 10, , , 
2016/5/22, 36, 33, 8, , , 
2016/5/23, 54, 62, 35, , , 
2016/5/25, 67, 57, 4, , , 
2016/5/26, 58, 51, 6, , , 
2016/5/27, 75, 51, 5, , , 
2016/5/28, 76, 50, 6, , , 
2016/5/29, 78, 41, 5, , , 
2016/5/30, 59, 44, 7, , , 
2016/5/31, 41, 42, 5, , , 
2016/6/1, 51, 35, 5, , , 
2016/6/2, 46, 27, 9, , , 
2016/6/3, 51, 33, 15, , , 
2016/6/4, 35, 30, 16, , , 
2016/6/5, 35, 32, 14, , , 
2016/6/6, 45, 37, 14, , , 
2016/6/7, 60, 45, 11, , , 
2016/6/8, 61, 49, 6, , , 
2016/6/9, 73, 45, 20, , , 
2016/6/10, 65, 52, 8, , , 
2016/6/11, 45, 53, 6, , , 
2016/6/12, 16, 41, 16, , , 
2016/6/13, 14, 42, , , , 
2016/6/14, 58, 45, , , , 
2016/6/15, 79, 54, , , , 
2016/6/16, 80, 63, 42, , , 
2016/6/17, 90, 61, 4, , , 
2016/6/18, 111, 62, 1, , , 
2016/6/19, 120, 59, 14, , , 
2016/6/20, 96, 67, 2, , , 
2016/6/21, 123, 64, 4, , , 
2016/6/22, 143, 55, 1, , , 
2016/6/23, 113, 50, 3, , , 
2016/6/24, 87, 43, 7, , , 
2016/6/25, 81, 43, 9, , , 
2016/6/26, 70, 51, 9, , , 
2016/6/27, 83, 54, 9, , , 
2016/6/28, 109, 45, 10, , , 
2016/6/29, 85, 58, 39, , , 
2016/6/30, 86, 64, , , , 
2016/1/4, 70, 49, 7, , , 
2016/1/5, 79, 56, 7, , , 
2016/1/6, 77, 46, 5, , , 
2016/1/7, 79, 41, 5, , , 
2016/1/8, 65, 29, 7, , , 
2016/1/9, 74, 34, 7, , , 
2016/1/10, 80, 32, 8, , , 
2016/1/11, 69, 25, 7, , , 
2016/1/12, 56, 19, 10, , , 
2016/1/13, 51, 44, 15, , , 
2016/1/14, 56, 30, 14, , , 
2016/1/15, 52, 31, 14, , , 
2016/1/16, 63, 40, 14, , , 
2016/1/17, 64, 57, 10, , , 
2016/1/18, 86, 41, 12, , , 
2016/1/19, 75, 53, 10, , , 
2016/1/20, 59, 53, 9, , , 
2016/1/21, 61, 44, 10, , , 
2016/1/22, 59, 47, 11, , , 
2016/1/23, 78, 43, 50, , , 
2016/1/24, 76, 31, 9, , , 
2016/1/25, 50, 27, 7, , , 
2016/1/26, 54, 31, 18, , , 
2016/1/27, 58, 31, 12, , , 
2016/1/28, 56, 36, 8, , , 
2016/1/29, 65, 42, 16, , , 
2016/1/30, 66, 61, 15, , , 
2016/1/31, 79, 63, 12, , , 
2016/2/1, 75, 54, 15, , , 
2016/2/2, 76, 40, 13, , , 
2016/2/3, 69, 47, 10, , , 
2016/2/4, 77, 49, 13, , , 
2016/2/5, 68, 51, 11, , , 
2016/2/6, 122, 43, 10, , , 
2016/2/7, 131, 42, 80, , , 
2016/2/8, 139, 46, 18, , , 
2016/2/9, 79, 46, 8, , , 
2016/2/10, 74, 38, 9, , , 
2016/2/11, 71, 41, 8, , , 
2016/2/12, 70, 45, 11, , , 
2016/2/13, 58, 41, 13, , , 
2016/2/14, 56, 45, 13, , , 
2016/2/15, 57, 42, 9, , , 
2016/2/16, 79, 30, 56, , , 
2016/2/17, 72, 35, 7, , , 
2016/2/18, 82, 40, 13, , , 
2016/2/19, 50, 48, 16, , , 
2016/2/20, 66, 41, 11, , , 
2016/2/21, 63, 30, 8, , , 
2016/2/22, 71, 33, 9, , , 
2016/2/23, 65, 45, 10, , , 
2016/2/24, 60, 55, 13, , , 
2016/2/25, 65, 43, 5, , , 
2016/2/26, 68, 41, 9, , , 
2016/2/27, 52, 42, 10, , , 
2016/2/28, 47, 40, 7, , , 
2016/2/29, 59, 43, 9, , , 
2016/3/1, 65, 55, 9, , , 
2016/3/2, 70, 51, 11, , , 
2016/3/3, 69, 44, 14, , , 
2016/3/4, 87, 48, 15, , , 
2016/3/5, 90, 42, 15, , , 
2016/3/6, 93, 40, 10, , , 
2016/3/7, 66, 44, 12, , , 
2016/3/8, 80, 41, 18, , , 
2016/3/9, 84, 33, 12, , , 
2016/3/10, 96, 36, 83, , , 
2016/3/11, 74, 38, 12, , , 
2016/3/12, 80, 32, 14, , , 
2016/3/13, 72, 37, 11, , , 
2016/3/14, 72, 46, 15, , , 
2016/3/15, 72, 50, 14, , , 
2016/3/16, 86, 48, 14, , , 
2016/3/17, 71, 41, 23, , , 
2016/3/18, 60, 49, 16, , , 
2016/3/19, 52, 48, 21, , , 
2016/3/20, 70, 42, 20, , , 
2016/3/21, 70, 43, 25, , , 
2016/3/22, 66, 52, 27, , , 
2016/3/23, 114, 54, 19, , , 
2016/3/24, 65, 50, 22, , , 
2016/3/25, 74, 50, 24, , , 
2016/3/26, 98, 57, 20, , , 
2016/3/27, 103, 36, 15, , , 
2016/3/28, 101, 45, 13, , , 
2016/3/29, 87, 39, 12, , , 
2016/3/30, 65, 42, 6, , , 
2016/3/31, 76, 54, 10, , , 
2015/10/1, 74, 27, 14, , , 
2015/10/2, 80, 25, 16, , , 
2015/10/3, 72, 17, 17, , , 
2015/10/4, 62, 22, 15, , , 
2015/10/5, 71, 19, 16, , , 
2015/10/6, 39, 24, 13, , , 
2015/10/7, 36, 28, 13, , , 
2015/10/8, 52, 31, 14, , , 
2015/10/9, 42, 30, 15, , , 
2015/10/10, 51, 31, 17, , , 
2015/10/11, 58, 26, 14, , , 
2015/10/12, 57, 28, 15, , , 
2015/10/13, 67, 23, 12, , , 
2015/10/14, 71, 19, 10, , , 
2015/10/15, 63, 24, 5, , , 
2015/10/16, 58, 30, 17, , , 
2015/10/17, 66, 29, 15, , , 
2015/10/18, 56, 30, 12, , , 
2015/10/19, 73, 31, 16, , , 
2015/10/20, 79, 27, 13, , , 
2015/10/21, 63, 24, 16, , , 
2015/10/22, 47, 27, 21, , , 
2015/10/23, 57, 24, 16, , , 
2015/10/24, 70, 20, 10, , , 
2015/10/25, 55, 19, 10, , , 
2015/10/26, 55, 26, 10, , , 
2015/10/27, 61, 23, 10, , , 
2015/10/28, 54, 28, 12, , , 
2015/10/29, 65, 28, 15, , , 
2015/10/30, 52, 38, 18, , , 
2015/10/31, 55, 31, 18, , , 
2015/11/1, 67, 36, 15, , , 
2015/11/2, 80, 31, 11, , , 
2015/11/3, 68, 34, 13, , , 
2015/11/4, 76, 35, 14, , , 
2015/11/5, 66, 32, 13, , , 
2015/11/6, 79, 22, 10, , , 
2015/11/7, 70, 14, 10, , , 
2015/11/8, 63, 16, 9, , , 
2015/11/9, 51, 21, 12, , , 
2015/11/10, 53, 24, 12, , , 
2015/11/11, 52, 24, 11, , , 
2015/11/12, 63, 38, 14, , , 
2015/11/13, 67, 43, 14, , , 
2015/11/14, 69, 28, 13, , , 
2015/11/15, 71, 21, 10, , , 
2015/11/16, 53, 21, 6, , , 
2015/11/17, 55, 36, 12, , , 
2015/11/18, 59, 26, 12, , , 
2015/11/19, 52, 29, 16, , , 
2015/11/20, 47, 30, 9, , , 
2015/11/21, 58, 21, 13, , , 
2015/11/22, 58, 18, 8, , , 
2015/11/23, 52, , 8, , , 
2015/11/24, 75, , 10, , , 
2015/11/25, 67, , 11, , , 
2015/11/26, 62, , 11, , , 
2015/11/27, 73, , 14, , , 
2015/11/28, 70, 27, 14, , , 
2015/11/29, 88, 41, 15, , , 
2015/11/30, 137, 37, 14, , , 
2015/12/1, 90, 21, 12, , , 
2015/12/2, 54, 20, 14, , , 
2015/12/3, 62, 31, 15, , , 
2015/12/4, 76, 36, 15, , , 
2015/12/5, 107, 31, 14, , , 
2015/12/6, 105, 18, 13, , , 
2015/12/7, 102, 25, 16, , , 
2015/12/8, 118, 38, 17, , , 
2015/12/9, 143, 47, 16, , , 
2015/12/10, 87, 36, 35, , , 
2015/12/11, 91, 38, 14, , , 
2015/12/12, 63, 28, 14, , , 
2015/12/13, 57, 23, 16, , , 
2015/12/14, 43, 30, 13, , , 
2015/12/15, 59, 36, 9, , , 
2015/12/16, 74, 30, 8, , , 
2015/12/17, 88, 30, 15, , , 
2015/12/18, 46, 37, 13, , , 
2015/12/19, 59, 37, 11, , , 
2015/12/20, 64, 26, 35, , , 
2015/12/21, 50, 22, 5, , , 
2015/12/22, 48, 24, 9, , , 
2015/12/23, 36, 32, 12, , , 
2015/12/24, 36, 42, 10, , , 
2015/12/25, 52, 34, 10, , , 
2015/12/26, 62, 24, 9, , , 
2015/12/27, 45, 36, 44, , , 
2015/12/28, 64, 31, 4, , , 
2015/12/29, 67, 26, 5, , , 
2015/12/30, 48, , , , , 
2016/1/3, 77, 24, 6, , , 
2015/7/1, 90, , 8, , , 
2015/7/2, 81, , 13, , , 
2015/7/3, 81, , 7, , , 
2015/7/4, 104, , 12, , , 
2015/7/5, 73, 23, 3, , , 
2015/7/6, 62, 26, 6, , , 
2015/7/7, 66, 32, 4, , , 
2015/7/8, 70, 30, 1, , , 
2015/7/9, 61, 27, 2, , , 
2015/7/10, 58, 30, 1, , , 
2015/7/11, 48, 23, 6, , , 
2015/7/12, 42, 22, , , , 
2015/7/13, 66, 22, 2, , , 
2015/7/14, 63, 23, 29, , , 
2015/7/15, 52, 27, 23, , , 
2015/7/16, 74, 24, 10, , , 
2015/7/17, 59, 25, 9, , , 
2015/7/18, 53, 14, 15, , , 
2015/7/19, 45, 16, 11, , , 
2015/7/20, 42, 30, 5, , , 
2015/7/21, 73, 36, 10, , , 
2015/7/22, 84, 37, 3, , , 
2015/7/23, 89, 45, 2, , , 
2015/7/24, 98, 36, 9, , , 
2015/7/25, 84, 25, 6, , , 
2015/7/26, 70, 20, 6, , , 
2015/7/27, 39, 22, 4, , , 
2015/7/28, 50, 29, 2, , , 
2015/7/29, 73, 48, 10, , , 
2015/7/30, 122, 16, 3, , , 
2015/7/31, 41, 21, 1, , , 
2015/8/1, 46, 17, , , , 
2015/8/2, 40, 23, , , , 
2015/8/3, 57, 34, , , , 
2015/8/4, 51, 39, 5, , , 
2015/8/5, 63, 19, 7, , , 
2015/8/6, 27, 13, 2, , , 
2015/8/7, 10, 19, 15, , , 
2015/8/13, 88, 30, 5, , , 
2015/8/14, 83, 27, 7, , , 
2015/8/15, 79, 24, 10, , , 
2015/8/16, 77, 24, 7, , , 
2015/8/17, 61, 30, 15, , , 
2015/8/18, 70, 36, 13, , , 
2015/8/19, 86, 44, 15, , , 
2015/8/20, 117, 28, 13, , , 
2015/8/21, 74, 18, 14, , , 
2015/8/22, 58, 18, 11, , , 
2015/8/23, 56, 28, 11, , , 
2015/8/24, 73, 42, 16, , , 
2015/8/25, 104, 37, 11, , , 
2015/8/26, 70, 50, 7, , , 
2015/8/27, 72, 68, 11, , , 
2015/8/28, 90, 60, 13, , , 
2015/8/29, 76, 61, 16, , , 
2015/8/30, 76, 55, 13, , , 
2015/8/31, 75, 65, 11, , , 
2015/9/1, 92, 57, 13, , , 
2015/9/2, 84, 45, 11, , , 
2015/9/3, 67, 39, 14, , , 
2015/9/4, 92, 42, 11, , , 
2015/9/5, 119, 29, 12, , , 
2015/9/6, 88, 23, 15, , , 
2015/9/7, 71, 27, 7, , , 
2015/9/8, 86, 21, 8, , , 
2015/9/9, 66, 26, 11, , , 
2015/9/10, 66, 26, 13, , , 
2015/9/11, 63, 35, 12, , , 
2015/9/12, 91, 44, 13, , , 
2015/9/13, 118, 37, 15, , , 
2015/9/14, 99, 44, 11, , , 
2015/9/15, 118, 39, 18, , , 
2015/9/16, 105, 32, 16, , , 
2015/9/17, 84, 23, 18, , , 
2015/9/18, 67, 26, 19, , , 
2015/9/19, 75, 30, 16, , , 
2015/9/20, 84, 30, 18, , , 
2015/9/21, 81, 33, 16, , , 
2015/9/22, 90, 37, 18, , , 
2015/9/23, 100, 44, 16, , , 
2015/9/24, 126, 36, 13, , , 
2015/9/25, 105, 21, 16, , , 
2015/9/26, 59, 22, 20, , , 
2015/9/27, 69, 18, 15, , , 
2015/9/28, 50, 24, 15, , , 
2015/9/29, 57, 27, 15, , , 
2015/9/30, 71, 22, 19, , , 
2015/4/2, 60, 21, 8, , , 
2015/4/3, 52, 13, 9, , , 
2015/4/4, 21, 20, 12, , , 
2015/4/5, 45, 20, 12, , , 
2015/4/6, 63, 18, 12, , , 
2015/4/7, 51, 17, 11, , , 
2015/4/8, 50, 20, 9, , , 
2015/4/9, 38, 27, 14, , , 
2015/4/10, 50, 42, 17, , , 
2015/4/11, 50, 49, 18, , , 
2015/4/12, 43, 25, 20, , , 
2015/4/13, 63, 28, 20, , , 
2015/4/14, 72, 28, 11, , , 
2015/4/16, 48, 41, 15, , , 
2015/4/17, 52, , 12, , , 
2015/4/18, 52, 35, 14, , , 
2015/4/19, 34, 23, 7, , , 
2015/4/20, 49, 28, 6, , , 
2015/4/21, 53, 32, 11, , , 
2015/4/22, 58, 33, 8, , , 
2015/4/23, 54, 44, , , , 
2015/4/24, 97, , 20, , , 
2015/4/25, 108, 48, 9, , , 
2015/4/26, 65, 36, 17, , , 
2015/4/27, 68, 36, 18, , , 
2015/4/28, 90, 53, 12, , , 
2015/4/29, 86, 71, 16, , , 
2015/4/30, 60, 61, 17, , , 
2015/5/1, 67, 49, 19, , , 
2015/5/2, 78, 44, 14, , , 
2015/5/3, 57, 28, 14, , , 
2015/5/4, 46, 29, 11, , , 
2015/5/5, 44, 34, 13, , , 
2015/5/6, 72, 42, 19, , , 
2015/5/7, 58, 54, 15, , , 
2015/5/8, 53, 37, 9, , , 
2015/5/9, 58, 35, 11, , , 
2015/5/10, 49, 30, 15, , , 
2015/5/11, 55, 40, 12, , , 
2015/5/12, 52, 36, 9, , , 
2015/5/13, 63, 43, 10, , , 
2015/5/14, 71, 47, 10, , , 
2015/5/15, 68, 44, 15, , , 
2015/5/16, 68, 42, 10, , , 
2015/5/17, 48, 28, 7, , , 
2015/5/18, 39, 16, 4, , , 
2015/5/19, 44, 24, 4, , , 
2015/5/20, 47, 26, 9, , , 
2015/5/21, 37, 21, 9, , , 
2015/5/22, 43, 20, 8, , , 
2015/5/23, 59, 26, 15, , , 
2015/5/24, 48, 26, 15, , , 
2015/5/25, 64, 29, 8, , , 
2015/5/26, 70, 38, 14, , , 
2015/5/27, 70, 34, 9, , , 
2015/5/28, 104, 58, 4, , , 
2015/5/29, 65, 48, 2, , , 
2015/5/30, 55, 32, 1, , , 
2015/5/31, 57, 27, 6, , , 
2015/6/1, 68, 32, 2, , , 
2015/6/2, 83, 53, 7, , , 
2015/6/3, 83, 46, 3, , , 
2015/6/4, 72, 45, 2, , , 
2015/6/5, 74, 58, 3, , , 
2015/6/6, 54, 39, 4, , , 
2015/6/7, 50, 26, 9, , , 
2015/6/8, 54, 28, 7, , , 
2015/6/9, 61, 36, 7, , , 
2015/6/10, 45, 31, 11, , , 
2015/6/11, 49, 32, 10, , , 
2015/6/12, 63, 33, 10, , , 
2015/6/13, 44, 28, 15, , , 
2015/6/14, 48, 21, 18, , , 
2015/6/15, 61, 35, 17, , , 
2015/6/16, 74, 46, 10, , , 
2015/6/17, 60, 35, 8, , , 
2015/6/18, 80, 42, 8, , , 
2015/6/19, 93, 54, 5, , , 
2015/6/20, 102, 60, 13, , , 
2015/6/21, 98, 50, 8, , , 
2015/6/22, 79, 40, 6, , , 
2015/6/23, 92, 49, 5, , , 
2015/6/24, 43, 59, 5, , , 
2015/6/25, 44, 56, , , , 
2015/6/26, 60, 33, , , , 
2015/6/27, 76, 49, , , , 
2015/6/28, 94, 31, , , , 
2015/6/29, 62, 25, , , , 
2015/6/30, 59, , 7, , , 
2015/1/1, 53, 39, 12, , , 
2015/1/2, 53, 33, 10, , , 
2015/1/3, 48, 28, 17, , , 
2015/1/4, 53, 28, 11, , , 
2015/1/5, 56, 27, 15, , , 
2015/1/6, 48, 22, 14, , , 
2015/1/7, 40, 35, 19, , , 
2015/1/8, 43, 51, 20, , , 
2015/1/9, 43, 37, 15, , , 
2015/1/10, 40, 36, 20, , , 
2015/1/11, 60, 38, 18, , , 
2015/1/12, 57, 45, 10, , , 
2015/1/13, 61, 39, 18, , , 
2015/1/14, 46, 32, 14, , , 
2015/1/15, 29, 32, 21, , , 
2015/1/16, 46, 30, 17, , , 
2015/1/17, 57, 24, 21, , , 
2015/1/18, 49, 19, 17, , , 
2015/1/19, 47, 19, 20, , , 
2015/1/20, 51, 26, 12, , , 
2015/1/21, 53, 26, 9, , , 
2015/1/22, 46, 37, 14, , , 
2015/1/23, 55, 33, 8, , , 
2015/1/24, 53, 28, 6, , , 
2015/1/25, 52, 24, 6, , , 
2015/1/26, 65, , 14, , , 
2015/1/27, 72, 28, 16, , , 
2015/1/28, 51, 41, 18, , , 
2015/1/29, 52, 38, 12, , , 
2015/1/30, 55, 34, 16, , , 
2015/1/31, 57, 40, 14, , , 
2015/2/1, 63, 36, 13, , , 
2015/2/2, 61, 37, 8, , , 
2015/2/3, 64, 37, 16, , , 
2015/2/4, 68, 41, 12, , , 
2015/2/5, 62, 33, 15, , , 
2015/2/6, 55, 32, 8, , , 
2015/2/7, 58, 26, 14, , , 
2015/2/8, 54, 36, 16, , , 
2015/2/9, 65, 34, 17, , , 
2015/2/10, 69, 44, 18, , , 
2015/2/11, 67, 46, 20, , , 
2015/2/12, 59, 54, 21, , , 
2015/2/13, 61, 56, 16, , , 
2015/2/14, 66, 42, 21, , , 
2015/2/15, 64, 41, 18, , , 
2015/2/16, 61, 38, 17, , , 
2015/2/17, 66, 48, 17, , , 
2015/2/18, 67, 52, 28, , , 
2015/2/19, 62, 56, 26, , , 
2015/2/20, 55, 39, 17, , , 
2015/2/21, 53, 31, 17, , , 
2015/2/22, 56, 30, 12, , , 
2015/2/23, 51, 24, 14, , , 
2015/2/24, 51, 23, 13, , , 
2015/2/25, 47, 26, 17, , , 
2015/2/26, 49, 26, 16, , , 
2015/2/27, 52, 28, 17, , , 
2015/2/28, 55, 26, 12, , , 
2015/3/1, 57, 26, 12, , , 
2015/3/2, 47, 29, 14, , , 
2015/3/3, 46, 33, 15, , , 
2015/3/4, 43, , 17, , , 
2015/3/5, 103, , 14, , , 
2015/3/6, 108, 30, 14, , , 
2014/10/1, 33, 24, 16, , , 
2014/10/2, 42, 24, 18, , , 
2014/10/3, 41, 23, 18, , , 
2014/10/4, 33, 25, 18, , , 
2014/10/5, 25, 39, 18, , , 
2014/10/6, 37, 28, 15, , , 
2014/10/7, 37, 26, 16, , , 
2014/10/8, 25, 38, 19, , , 
2014/10/9, 22, 42, 20, , , 
2014/10/10, 21, 30, 21, , , 
2014/10/11, 27, 36, 24, , , 
2014/10/12, 33, 37, 20, , , 
2014/10/13, 35, 35, 23, , , 
2014/10/14, 37, 32, 23, , , 
2014/10/15, 43, 32, 15, , , 
2014/10/16, 43, 31, 13, , , 
2014/10/17, 23, 26, 11, , , 
2014/10/18, 22, 31, 19, , , 
2014/10/19, 34, 39, 14, , , 
2014/10/20, 29, 42, 7, , , 
2014/10/21, 37, 24, 3, , , 
2014/10/22, 32, 29, 4, , , 
2014/10/23, 51, 35, 7, , , 
2014/10/24, 53, 53, 7, , , 
2014/10/25, 49, 32, 8, , , 
2014/10/26, 42, 19, 6, , , 
2014/10/27, 37, 25, 14, , , 
2014/10/28, 47, 26, 10, , , 
2014/10/29, 32, 33, 14, , , 
2014/10/30, 28, 32, 17, , , 
2014/10/31, 33, 30, 12, , , 
2014/11/1, 31, 26, 15, , , 
2014/11/2, 30, 26, 13, , , 
2014/11/3, 25, 36, 13, , , 
2014/11/4, 32, 30, 10, , , 
2014/11/5, 33, 26, 15, , , 
2014/11/6, 32, 32, 13, , , 
2014/11/7, 31, 43, 14, , , 
2014/11/8, 32, 44, 14, , , 
2014/11/9, 46, 24, 11, , , 
2014/11/10, 32, 23, 8, , , 
2014/11/11, 26, 37, 10, , , 
2014/11/12, 32, 45, 14, , , 
2014/11/13, 37, 49, 17, , , 
2014/11/14, 46, 29, 17, , , 
2014/11/15, 45, 24, 17, , , 
2014/11/16, 49, 22, 11, , , 
2014/11/17, 47, 14, 13, , , 
2014/11/18, 35, 20, 16, , , 
2014/11/19, 36, 29, 21, , , 
2014/11/20, 28, 27, 16, , , 
2014/11/21, 27, 33, 16, , , 
2014/11/22, 37, 23, 14, , , 
2014/11/23, 37, 23, 13, , , 
2014/11/24, 31, 29, 15, , , 
2014/11/25, 35, 27, 16, , , 
2014/11/26, 38, 33, 10, , , 
2014/11/27, 39, 27, 10, , , 
2014/11/28, 32, 23, 6, , , 
2014/11/29, 36, 15, 18, , , 
2014/11/30, 34, 21, 16, , , 
2014/12/1, 21, 34, 13, , , 
2014/12/2, 21, 33, 16, , , 
2014/12/3, 33, 31, 15, , , 
2014/12/4, 51, 22, 15, , , 
2014/12/5, 36, 22, 12, , , 
2014/12/6, 35, 30, 18, , , 
2014/12/7, 30, 26, 12, , , 
2014/12/8, 35, 18, 10, , , 
2014/12/9, 42, 20, 12, , , 
2014/12/10, 35, 21, 14, , , 
2014/12/11, 34, 29, 13, , , 
2014/12/12, 38, 34, 11, , , 
2014/12/13, 38, 30, 12, , , 
2014/12/14, 45, 23, 9, , , 
2014/12/15, 42, 21, 9, , , 
2014/12/16, 39, 26, 13, , , 
2014/12/17, 38, 34, 15, , , 
2014/12/18, 52, 34, 4, , , 
2014/12/19, 47, , , , , 
2014/7/1, 147, 20, , , , 
2014/7/2, 81, 25, , , , 
2014/7/3, 56, 32, , , , 
2014/7/4, 41, 19, , , , 
2014/7/5, 31, 20, , , , 
2014/7/6, 38, 30, , , , 
2014/7/7, 47, 47, , , , 
2014/7/8, 51, 46, , , , 
2014/7/9, 60, 35, , , , 
2014/7/10, 65, 32, , , , 
2014/7/11, 57, 34, , , , 
2014/7/12, 52, 43, , , , 
2014/7/13, 50, 27, , , , 
2014/7/14, 51, 23, , , , 
2014/7/15, 31, 37, , , , 
2014/7/16, 38, 32, , , , 
2014/7/17, 46, 40, , , , 
2014/7/18, 48, 53, , , , 
2014/7/19, 53, 34, , , , 
2014/7/20, 46, 28, , , , 
2014/7/21, 38, 26, , , , 
2014/7/22, 34, 23, , , , 
2014/7/23, 30, 28, , , , 
2014/7/24, 30, 37, 4, , , 
2014/7/25, 44, 36, , , , 
2014/7/26, 47, 43, 1, , , 
2014/7/27, 55, 30, 2, , , 
2014/7/28, 51, 30, , , , 
2014/7/29, 36, 44, , , , 
2014/7/30, 46, 39, , , , 
2014/7/31, 61, 50, , , , 
2014/8/1, 53, 46, , , , 
2014/8/2, 57, 24, 3, , , 
2014/8/3, 43, 25, 3, , , 
2014/8/4, 36, 48, 4, , , 
2014/8/5, 56, 27, 12, , , 
2014/8/6, 47, 24, 6, , , 
2014/8/7, 36, 38, 2, , , 
2014/8/8, 45, 46, 3, , , 
2014/8/9, 59, 29, 6, , , 
2014/8/10, 49, 22, 5, , , 
2014/8/11, 35, 26, 6, , , 
2014/8/12, 29, 35, 9, , , 
2014/8/13, 31, 50, 4, , , 
2014/8/14, 47, 35, 6, , , 
2014/8/15, 57, 46, , , , 
2014/8/16, 69, 52, 3, , , 
2014/8/17, 64, 48, 10, , , 
2014/8/18, 50, 32, 14, , , 
2014/8/19, 40, 31, 16, , , 
2014/8/20, 45, 31, 5, , , 
2014/8/21, 43, , , , , 
2014/8/22, 52, 20, , , , 
2014/8/23, 49, 17, , , , 
2014/8/24, 38, 18, , , , 
2014/8/25, 29, 27, , , , 
2014/8/26, 37, 27, , , , 
2014/8/27, 41, 28, , , , 
2014/8/28, 46, , 11, , , 
2014/8/29, 42, 24, 15, , , 
2014/8/30, 35, 29, 6, , , 
2014/8/31, 42, 20, 13, , , 
2014/9/1, 39, 23, 6, , , 
2014/9/2, 32, 32, 9, , , 
2014/9/3, 49, 26, 3, , , 
2014/9/4, 52, 18, 11, , , 
2014/9/5, 40, 24, 10, , , 
2014/9/6, 27, 32, 17, , , 
2014/9/7, 30, 33, 13, , , 
2014/9/8, 38, 24, 17, , , 
2014/9/9, 26, 28, 17, , , 
2014/9/10, 30, 28, 18, , , 
2014/9/11, 36, 28, 20, , , 
2014/9/12, 41, 29, 18, , , 
2014/9/13, 47, 26, 20, , , 
2014/9/14, 53, 27, 18, , , 
2014/9/15, 43, 38, 19, , , 
2014/9/16, 52, 25, 28, , , 
2014/9/17, 42, , 19, , , 
2014/9/18, 51, , 19, , , 
2014/9/19, 57, , 16, , , 
2014/9/20, 50, , 17, , , 
2014/9/21, 54, , 26, , , 
2014/9/22, 58, , 16, , , 
2014/9/23, 56, , 14, , , 
2014/9/24, 40, , 15, , , 
2014/9/25, 56, , 16, , , 
2014/9/26, 42, , 15, , , 
2014/9/27, 32, 22, 13, , , 
2014/9/28, 28, 18, 12, , , 
2014/9/29, 26, 23, 17, , , 
2014/9/30, 23, 34, 26, , , 
2014/5/16, 33, 47, , , , 
2014/5/17, 44, 42, , , , 
2014/5/18, 71, 42, , , , 
2014/5/19, 54, 41, , , , 
2014/5/20, 52, 23, , , , 
2014/5/21, 38, 18, , , , 
2014/5/22, 33, 32, , , , 
2014/5/23, 70, 37, , , , 
2014/5/24, 105, 32, , , , 
2014/5/25, 59, 29, , , , 
2014/5/26, 58, 42, , , , 
2014/5/27, 59, 51, , , , 
2014/5/28, 72, 35, , , , 
2014/5/29, 53, 38, , , , 
2014/5/30, 51, 34, , , , 
2014/5/31, 51, 33, , , , 
2014/6/1, 52, 39, , , , 
2014/6/2, 69, 33, , , , 
2014/6/3, 29, 25, , , , 
2014/6/4, 26, 29, , , , 
2014/6/5, 54, , , , , 
2014/6/12, 45, 18, , , , 
2014/6/13, 53, 47, , , , 
2014/6/14, 100, 40, , , , 
2014/6/15, 102, 31, , , , 
2014/6/16, 109, 53, , , , 
2014/6/17, 129, 52, , , , 
2014/6/18, 98, 38, , , , 
2014/6/19, 96, 35, , , , 
2014/6/20, 84, 36, , , , 
2014/6/21, 89, 30, , , , 
2014/6/22, 75, 28, , , , 
2014/6/23, 71, 38, , , , 
2014/6/24, 89, 38, , , , 
2014/6/25, 96, 36, , , , 
2014/6/26, 84, 39, , , , 
2014/6/27, 90, 47, , , , 
2014/6/28, 117, 55, , , , 
2014/6/29, 106, 49, , , , 
2014/6/30, 104, , , , , 
2023/1/8, , 9, , , , 
2022/2/27, , 51, 16, 7, , 10
2021/9/12, , 11, , , , 
2021/2/14, , 19, , , , 
2021/2/21, , 27, , , , 
2021/3/20, , 15, , , , 
2021/3/21, , 31, , , , 
2020/10/25, , 21, , , , 
2020/3/31, , 44, , , , 
2020/6/23, , 95, , , , 
2020/6/24, , 28, , , , 
2019/12/31, , 39, , , , 
2020/3/20, , 20, , , , 
2019/7/1, , 40, , , , 
2019/6/30, , 32, , , , 
2018/12/31, , 36, , , , 
2019/2/17, , 9, , , , 
2019/2/18, , 19, , , , 
2018/11/24, , 40, , , , 
2018/11/25, , 40, , , , 
2018/8/23, , 1, , , , 
2018/8/24, , 16, , , , 
2018/2/26, , 19, 28, 12, 9, 4
2018/2/27, , 26, 38, 13, 11, 4
2018/2/28, , 24, 32, 15, 13, 4
2018/3/1, , 23, 34, 12, 13, 4
2017/10/29, , 26, , , , 
2017/11/22, , 37, , , , 
2017/7/6, , 57, , , , 
2017/7/7, , 53, , , , 
2017/7/12, , 28, , , , 
2017/7/19, , 56, , , , 
2017/9/9, , 23, , , , 
2016/4/20, , 48, 10, , , 
2016/4/21, , 56, 8, , , 
2016/4/22, , 48, 12, , , 
2016/4/23, , 34, 10, , , 
2016/4/24, , 31, 14, , , 
2016/4/25, , 37, 10, , , 
2016/5/24, , 49, 4, , , 
2016/1/2, , 5, 1, , , 
2015/8/8, , 23, 14, , , 
2015/8/9, , 13, 10, , , 
2015/8/10, , 16, 6, , , 
2015/8/11, , 39, 2, , , 
2015/8/12, , 30, 4, , , 
2015/4/1, , 34, 8, , , 
2014/12/31, , 35, 13, , , 
2015/3/7, , 25, 9, , , 
2015/3/8, , 33, 16, , , 
2015/3/9, , 44, 10, , , 
2015/3/10, , 48, 20, , , 
2015/3/11, , 49, 12, , , 
2015/3/12, , 50, 15, , , 
2015/3/13, , 56, 18, , , 
2015/3/14, , 55, 22, , , 
2015/3/15, , 48, 15, , , 
2015/3/16, , 34, 12, , , 
2015/3/17, , 39, 19, , , 
2015/3/18, , 34, 19, , , 
2015/3/19, , 34, 12, , , 
2015/3/20, , 34, 10, , , 
2015/3/21, , 23, 13, , , 
2015/3/22, , 9, 8, , , 
2015/3/26, , 21, 9, , , 
2015/3/27, , 28, 13, , , 
2015/3/28, , 23, 11, , , 
2015/3/29, , 19, 8, , , 
2015/3/31, , 38, 6, , , 
2014/5/15, , 44, , , , 
2014/6/9, , 46, , , , 
2014/6/10, , 30, , , , 
2014/6/11, , 17, , , , 
2015/4/15, , , 10, , , 
2015/3/23, , , 6, , , 
2015/3/24, , , 3, , , 
2015/3/25, , , 11, , , 
2015/3/30, , , 8, , , 